sample_token,x1,y1,x2,y2,x3,y3,x4,y4,x5,y5,x6,y6,x7,y7,x8,y8,x9,y9,x10,y10,x11,y11,x12,y12
bc6a757d637f4832be68986833ec17ac,1.456718,-0.012096,3.042047,0.030131,4.791044,0.052497,6.702719,0.075469,8.648643,0.071318,10.767452,0.062511,12.835147,0.051613,14.959362,0.024366,17.095800,-0.013599,19.288961,-0.044854,21.502142,-0.076002,23.704971,-0.079717
b84954bdd6f44145ae25d66d3a36fe61,4.394655,0.009636,8.722304,0.016704,12.968057,0.008640,17.172878,-0.032199,21.249697,-0.085281,25.270620,-0.099178,29.065044,-0.120107,32.780495,-0.189947,36.320869,-0.216858,39.848927,-0.288604,43.243332,-0.365917,46.564995,-0.361974
1e4818b3b2354b87ba1b40b7a8d13ed5,3.577461,0.033566,7.172034,0.043254,10.784501,0.034072,14.489785,0.018717,18.243811,-0.060600,21.973585,-0.055106,25.672674,-0.091310,29.366957,-0.133040,33.039951,-0.184509,36.739388,-0.231112,40.394630,-0.309614,44.099739,-0.276712
afbb06fbf80a4d53a5435456801c6b67,3.833855,-0.054762,7.731658,-0.203522,11.800591,-0.481738,16.014244,-0.874395,20.331861,-1.462674,24.737381,-2.004526,29.177223,-2.662714,33.783146,-3.453129,38.348190,-4.268958,43.060318,-5.117720,47.847076,-6.052815,52.637360,-6.924095
b730a92c13f7477aba6422f522f0f00d,0.009161,-0.001168,0.009293,0.002045,0.011378,0.006738,0.004124,0.005804,-0.005597,0.009597,-0.002734,-0.000353,0.004803,-0.002542,0.035191,-0.004178,0.073132,-0.010786,0.152557,-0.013265,0.283884,0.007358,0.457208,0.016857
e2ad70afd5f749389bce404269deb9ac,4.186778,-0.001763,8.381840,-0.032711,12.668551,-0.090160,17.024870,-0.149661,21.478970,-0.344475,25.982201,-0.429731,30.317635,-0.567963,34.666012,-0.713354,38.877716,-0.865815,43.116409,-1.044173,47.186241,-1.183706,51.332581,-1.230457
a7187cbf1ce9473292273c5719f82e86,2.959958,0.017096,5.813829,-0.091702,8.712368,-0.228401,11.598665,-0.410087,14.592130,-0.702525,17.576563,-0.904987,20.542023,-1.185564,23.524960,-1.444818,26.534958,-1.733312,29.573425,-2.016093,32.586514,-2.271615,35.616119,-2.432098
95c822b8a0da49f5a358618d7c3c1654,1.681309,0.063395,3.296500,0.339610,4.849658,0.836504,6.408473,1.653013,7.880766,2.615035,9.351266,3.982088,10.763816,5.624716,12.104956,7.499292,13.360020,9.604938,14.689458,11.879769,15.828802,14.431135,17.100452,16.966377
f13d92a0d3b34c57ad3aadd3ac8c1793,0.015305,-0.001786,0.000045,-0.010346,-0.008957,-0.013744,-0.003792,-0.025835,0.011083,-0.033120,0.081361,-0.047456,0.190318,-0.056518,0.314189,-0.046449,0.417124,-0.024121,0.587210,-0.023935,0.706042,0.000791,0.801802,0.043213
cc0bb824e5c848dea89b69779f5a610a,3.801803,0.094892,7.785650,0.111738,11.895987,0.141702,16.139851,0.165368,20.435541,0.144282,24.785482,0.210942,29.009193,0.242672,33.162533,0.256425,37.222900,0.269857,41.314640,0.182111,45.256390,0.094442,49.238407,0.119715
bde8a594119b4deea57c70967a15bfa7,5.135532,0.001781,10.287877,-0.021158,15.499339,-0.091398,20.785742,-0.165251,26.076929,-0.364563,31.452398,-0.488125,36.614910,-0.640089,41.768272,-0.821587,46.731239,-1.007457,51.806213,-1.246746,56.696873,-1.456320,61.694569,-1.556269
14e9af7285c54adf81b5fdb4aaece552,1.222765,-0.019339,2.479286,-0.299627,3.785656,-0.715271,5.141229,-1.351337,6.357394,-2.240361,7.420751,-3.322787,8.245833,-4.638911,8.721406,-6.343424,8.929003,-8.219003,8.995933,-10.388706,8.859445,-12.693842,8.622156,-15.151994
1deefabd817c4c28b67004c298828fca,3.792952,0.032983,7.518826,0.063534,11.214775,0.081500,14.874456,0.086467,18.436430,0.038840,21.956656,0.071095,25.325005,0.068354,28.685629,0.036574,31.829262,0.010478,34.999969,-0.066264,38.020008,-0.144056,40.951416,-0.183759
7d2a125e8e2242a78ce4805515d4f65e,3.752753,0.015020,7.461352,0.001468,11.123761,-0.020352,14.788607,-0.064034,18.392767,-0.154821,21.948521,-0.171394,25.358036,-0.200768,28.766306,-0.276256,32.074760,-0.323655,35.380062,-0.391620,38.623676,-0.445053,41.829834,-0.455713
c28bb825b0f24e53b6752f86f0479f5e,2.827761,-0.172499,5.480016,-0.738496,8.024399,-1.810688,10.527159,-3.445768,12.872599,-5.323247,15.023430,-7.402156,17.078457,-9.829717,18.929958,-12.410057,20.746752,-15.126163,22.750250,-17.830820,24.669094,-20.696600,26.524521,-23.461399
f460db7967a44f47afe04d84cd6feecf,1.443822,0.045673,2.828862,0.071541,4.234758,0.140569,5.696186,0.329727,7.180477,0.544863,8.716126,1.193403,10.159577,2.053025,11.497426,3.231041,12.750232,4.664822,13.960829,6.287798,14.835809,8.244761,15.762354,10.267288
9caf336eebd14da3ac0f1422806930a6,2.082946,-0.012237,4.272946,0.008034,6.563555,0.022899,9.034106,0.030564,11.527380,0.024964,14.060092,0.013408,16.536161,0.044660,19.095268,0.006255,21.590990,-0.000782,24.029903,0.052877,26.473230,0.070551,28.884718,0.124708
055e1a9d172843d5a7d1fa71344913b3,1.071610,-0.008454,2.019845,-0.018778,2.916753,-0.031370,3.678039,-0.042009,4.358817,-0.086876,5.007118,-0.109115,5.566371,-0.138530,6.099664,-0.144978,6.688339,-0.178686,7.360306,-0.243122,8.033621,-0.281335,8.696443,-0.343555
2c464f56002c48adb695925d7f1c4f55,4.938082,0.039777,9.896259,0.060222,14.853705,0.054572,19.877069,0.015506,24.891441,-0.066944,29.916574,-0.051706,34.720810,-0.107273,39.473202,-0.138516,44.129562,-0.144106,48.862900,-0.190817,53.435646,-0.230865,58.093723,-0.143278
c0aec1be04634fb292eb5f1cedf3dd9b,0.955728,-0.036530,2.018475,-0.027160,3.163504,-0.009088,4.526864,-0.033477,6.037313,-0.047066,7.598091,-0.139307,9.281264,-0.327314,10.990391,-0.658524,12.760648,-1.059243,14.498537,-1.569497,16.239050,-2.197518,17.917255,-2.902781
c91398857b304163aafa4153eaaff65d,3.313460,0.018279,6.613332,0.017539,9.974103,0.013809,13.391752,-0.006534,16.789568,-0.073317,20.193161,-0.069871,23.498144,-0.067301,26.792137,-0.090317,29.927307,-0.088841,33.014980,-0.087715,35.983479,-0.101728,38.827000,-0.064424
520438ef3156476ab50e5dc5c01edc14,4.891557,0.149239,9.844721,0.277640,15.030255,0.597486,20.283833,1.032192,25.653236,1.538444,31.097723,2.414104,36.534245,3.399271,41.988197,4.654043,47.318615,5.964798,52.704578,7.413518,57.946617,9.033389,63.273891,10.655787
d93976f7d9e34f9ba0ca374c232904b7,1.586845,0.000961,3.257943,-0.391487,4.870933,-0.955692,6.604568,-1.869591,8.173535,-3.094460,9.770978,-4.610501,11.010174,-6.395831,11.984611,-8.561704,12.788184,-10.895465,13.503623,-13.455029,13.894704,-16.289232,14.406669,-19.161608
b6f0189a202e423fbcd4fbe310e74cd7,1.745618,-0.019613,3.237998,-0.045408,4.584149,-0.081988,5.696139,-0.170911,6.764760,-0.273386,7.701901,-0.389041,8.664936,-0.598508,9.656319,-0.862264,10.680154,-1.176430,11.834347,-1.633573,12.883821,-2.165637,13.980776,-2.681976
f79640adda514ad991dee283f64c99b3,2.977502,0.107267,6.090019,0.228783,9.231011,0.488260,12.595688,0.873163,15.913546,1.446106,19.215240,2.231955,22.474377,3.163899,25.823248,4.227833,28.983620,5.556068,32.160419,6.870634,35.150837,8.374304,38.304592,9.912516
4387ff7bf1cd49888c11627e64330dd6,4.233367,0.133452,8.547245,0.205390,12.982780,0.473404,17.492588,0.640319,22.121588,0.640027,26.813620,0.676849,31.493725,0.489872,36.015976,0.011853,40.540958,-0.649154,44.927414,-1.604312,49.196449,-2.686172,53.228863,-3.919849
fbc5306b24824f4695a11cc8581b7933,2.998450,0.054120,5.923159,0.002928,8.850911,-0.040037,11.690146,-0.098493,14.467515,-0.184976,17.235954,-0.204303,19.866030,-0.239752,22.497459,-0.324330,24.995075,-0.371505,27.501444,-0.484974,29.912638,-0.593304,32.213593,-0.608300
b2c9bf391e1e4471b5057fccdcc977a6,0.000309,-0.006807,-0.011124,-0.003409,-0.020595,-0.005693,-0.030678,-0.006790,-0.043378,0.001112,-0.047361,0.000609,-0.065756,0.002289,-0.063868,0.003121,-0.054278,0.002992,-0.036068,0.011124,-0.001960,0.020654,0.030290,0.019714
e3892f1e22e84733ae9ac66e0b0ce89f,5.515870,0.009053,11.083353,-0.097677,16.654152,-0.285163,22.275604,-0.663781,27.740368,-1.167382,33.308872,-1.769985,38.611855,-2.537458,43.869522,-3.470765,48.926342,-4.500999,54.052025,-5.675836,59.077602,-6.997557,63.980804,-8.261800
ee9c9ac682b84c3cab1b658680b4547f,-0.007289,0.005391,-0.014906,0.001541,-0.022517,0.004018,-0.038598,0.010016,-0.049786,0.001979,-0.066541,-0.004783,-0.085958,-0.008673,-0.100839,-0.008828,-0.110826,-0.014809,-0.111760,-0.027745,-0.080680,-0.023299,-0.004111,-0.029920
b606be9441a94eddb74b6e0002ecc4d1,4.959886,0.023679,9.797630,0.057686,14.645680,0.087885,19.445469,0.102461,24.222197,0.067542,29.021069,0.131823,33.670235,0.167995,38.268757,0.246656,42.820301,0.355796,47.522797,0.412940,52.143917,0.544866,56.840565,0.828396
264b539004724bdc8a413e067e53907a,4.161768,0.130239,8.233647,0.285626,12.252992,0.525686,16.183807,0.853165,19.909504,1.232919,23.550076,1.721098,27.043966,2.185022,30.417458,2.725396,33.547401,3.339899,36.664116,3.812307,39.519009,4.331909,42.309235,4.897112
f8895e64d7f44755a0945b6fc3892e9a,1.953634,0.091795,3.797172,0.178964,5.570361,0.315791,7.227782,0.530072,8.806909,0.683259,10.448326,0.941039,11.915370,1.163487,13.429412,1.339291,15.021524,1.658299,16.553787,1.807810,18.191086,1.982324,19.737329,2.290321
cd94f280e057494dac4bc34a68a94c2b,4.147130,0.115713,8.290540,0.577660,12.542917,1.269341,16.900476,2.128921,21.171387,3.169213,25.455368,4.292181,29.915022,5.501381,34.205898,6.824382,38.509815,8.245420,42.756451,9.514468,46.885273,10.887814,51.105247,12.202975
712165fa210941e7bfc04de2ea083579,3.448736,-0.009139,6.811797,0.042200,10.119711,0.091403,13.415150,0.114477,16.693287,0.158107,19.916000,0.212098,23.052431,0.259024,26.180365,0.244409,29.277184,0.251335,32.386662,0.278083,35.473354,0.234754,38.488388,0.261114
c2e8067d124645a2bd0041a694d90dc1,0.957316,-0.026582,1.702822,-0.021241,2.297207,-0.014997,2.648997,-0.039427,2.818236,-0.017886,2.841407,-0.053889,2.901936,-0.026104,2.785177,-0.054039,2.673753,-0.039264,2.591266,-0.077046,2.474300,-0.043748,2.300550,-0.092652
3b668cfe2659474bbeee68c206573740,2.459810,0.026059,4.844881,-0.221494,7.206925,-0.571124,9.490960,-0.952712,11.663507,-1.384849,14.030435,-1.624358,16.198629,-1.955196,18.429478,-2.158522,20.569853,-2.099300,22.712973,-2.158726,24.804180,-2.051909,26.894058,-1.802238
d4220b20a42148619ea9f573ce4cbe1b,3.232452,0.016209,6.544407,0.119956,9.896525,0.311640,13.413030,0.542295,16.940876,0.856812,20.474747,1.378743,24.053648,1.942123,27.643484,2.558301,31.134129,3.349168,34.657742,4.213241,38.129822,5.111160,41.684082,6.064148
3a2022987c574dd68fa526d234ebc417,3.072110,0.131304,5.994116,0.216956,8.775973,0.383775,11.330561,0.654695,13.683870,0.940791,15.939960,1.322869,17.912546,1.690357,19.673431,2.166228,21.435579,2.660618,22.984911,3.090074,24.473696,3.573698,25.798759,4.202456
8d496aed14294243a4f79a79c0851422,3.891355,0.100798,7.757750,0.249785,11.547872,0.491089,15.359330,0.822526,18.991140,1.228137,22.534485,1.734272,25.960274,2.216922,29.284275,2.776176,32.480904,3.441205,35.611126,3.990867,38.592403,4.567765,41.589283,5.185295
5a43e3535a074465b986b393df8a30a7,3.913004,0.047300,7.782948,0.204670,11.639911,0.442992,15.395451,0.684818,19.042143,0.984972,22.690485,1.361105,26.233837,1.662776,29.774908,2.017141,33.153339,2.355233,36.584621,2.618867,39.919888,2.875898,43.211037,3.088690
0a55d1f5e3c04eb6951b22a40a622842,0.475544,-0.027866,0.814623,-0.006208,1.035877,0.043306,1.114027,0.071002,1.199840,0.054752,1.222054,0.109262,1.266051,0.127741,1.346828,0.095216,1.470361,0.134404,1.617452,0.166683,1.868847,0.210922,2.123853,0.283205
c655eb8a1da54acc97966203247af30a,1.255727,-0.003117,2.373745,0.005526,3.415098,0.011565,4.269451,0.012323,5.045143,0.011450,5.693276,0.013888,6.257565,0.055000,6.625386,0.105418,7.013276,0.179832,7.364302,0.237146,7.676795,0.351153,7.857630,0.504367
e296988db39d4f6ba92bc1442271d1d0,4.551517,0.091421,9.131186,0.301123,13.711138,0.612907,18.302311,1.045701,22.818483,1.557579,27.257299,2.244286,31.591206,2.974762,35.934471,3.824847,40.048332,4.699834,44.216518,5.642172,48.242413,6.588717,52.309139,7.516160
48cdffa36967443f9442b1028714fdcc,4.782958,0.072945,9.558496,0.117407,14.316532,0.150206,19.141090,0.180386,23.980362,0.119531,28.815477,0.210873,33.471546,0.212999,38.088043,0.223696,42.564312,0.244101,47.146751,0.221418,51.560520,0.184711,56.065655,0.295026
3876a58972424620ae9c58e5e069d66d,3.279926,0.009642,6.553429,-0.102099,9.687252,-0.318348,12.856309,-0.699270,16.008202,-1.195083,19.130310,-1.809480,22.142857,-2.639666,25.168940,-3.593457,28.169842,-4.661388,31.286442,-5.771391,34.321800,-7.036922,37.428196,-8.343228
c851859133bd4cc3871676e0077711ad,2.359240,0.021889,4.725276,0.040236,7.148733,0.049500,9.667101,0.031443,12.216531,0.002689,14.811456,0.003493,17.400135,-0.009426,20.029081,-0.045521,22.636026,-0.088749,25.251722,-0.083352,27.879375,-0.117881,30.454988,-0.084801
0d26779e8656484abc6933d90a67c462,2.976242,-0.019250,5.928714,-0.063587,8.945768,-0.151150,12.077650,-0.235100,15.318080,-0.384807,18.592039,-0.442091,21.890007,-0.480089,25.279186,-0.579984,28.646927,-0.607381,32.036430,-0.579232,35.468208,-0.553809,38.942387,-0.369876
4955d624fe5146b4ac280bb323d5a1ff,1.200677,0.098472,2.403620,0.121853,3.746178,0.212314,4.965984,0.410554,6.225424,0.514709,7.449853,0.725092,8.551054,0.881999,9.554632,1.031260,10.332207,1.238401,11.038486,1.237098,11.545216,1.281584,11.786651,1.478145
0498c0cbcf424d6b9634bff1c8643307,0.958689,0.005564,2.231997,-0.038030,3.901137,-0.089039,5.888544,-0.139215,8.190824,-0.190912,10.739032,-0.222155,13.405094,-0.235043,16.222654,-0.334198,19.238096,-0.298798,22.366728,-0.280289,25.526810,-0.231236,28.692230,-0.135834
84518c42882f4296bad8baf70387bbfe,4.838203,0.041938,9.553282,0.039184,14.298745,0.056582,18.953623,0.042899,23.581179,0.010083,28.186985,0.097559,32.517956,0.168088,36.814560,0.311112,40.935863,0.558137,45.144215,0.795456,49.163544,1.099717,53.263752,1.554978
1726ef71f7604e8fb8c195400dc8bada,4.926878,0.028205,9.811959,0.067500,14.642358,0.120276,19.473591,0.153115,24.201136,0.174121,28.897064,0.236100,33.352421,0.263035,37.686161,0.238919,41.850311,0.253826,45.962914,0.197793,49.921028,0.118479,53.763870,0.102703
68544ad06ac24977a3ba7f981096a130,5.730957,-0.023654,11.442606,0.016573,17.208620,0.029846,22.995737,0.020955,28.724119,-0.019702,34.575520,-0.051307,40.155987,-0.100874,45.664059,-0.178631,51.072144,-0.234857,56.558781,-0.347592,61.953552,-0.424158,67.393860,-0.446059
95a723d24ea2406db0627167d576434f,3.770854,-0.002318,7.409191,-0.012826,10.964592,-0.035185,14.449432,-0.099946,17.809406,-0.182673,21.062906,-0.236155,24.145033,-0.298700,27.208271,-0.417826,30.093689,-0.494897,32.929070,-0.612080,35.689465,-0.717424,38.321247,-0.785476
7fa915fa5d6a4417b96b05d318a0b290,-0.005079,0.007791,-0.009093,0.010039,-0.008541,0.014836,-0.010381,0.011031,-0.015509,0.021227,-0.007678,0.017643,0.006347,0.009031,0.061654,0.005818,0.113482,-0.000242,0.218146,-0.024138,0.337639,-0.040496,0.489439,-0.059920
fd785bce89d74a58a43f4b2f5ffb180a,3.252234,0.023294,6.448687,-0.013534,9.611573,-0.059218,12.778100,-0.143211,15.849292,-0.279192,18.854881,-0.341720,21.679893,-0.416518,24.457069,-0.529432,27.034288,-0.604597,29.551685,-0.653013,31.941433,-0.716164,34.164257,-0.727850
c244e23b1c024a37a131c0c53d72b8b8,-0.006620,-0.006553,-0.007300,-0.001383,-0.016349,0.003920,-0.012704,0.005030,-0.005447,0.008029,-0.001155,0.002206,0.005295,0.003160,0.005741,0.001990,0.005165,0.002099,0.006567,-0.003048,0.006225,0.004691,0.040105,0.010026
e52395b80db044018dd6b2cd9623206b,2.022874,0.245147,4.013773,0.904111,5.937565,2.029212,7.817015,3.558568,9.449337,5.341714,11.112441,7.367093,12.800215,9.597379,14.449430,11.947954,15.871456,14.241889,17.496042,16.548971,18.954634,18.832472,20.544832,21.100874
b7c945f546634638ae9361267cce3b2f,1.844110,-0.157513,3.842411,-0.620118,5.898953,-1.374111,8.044868,-2.260135,10.213478,-3.221974,12.442143,-4.287337,14.649740,-5.339519,16.893570,-6.556863,19.027403,-7.630389,21.100004,-8.742563,23.183466,-9.805593,25.328074,-10.826470
ac195521576246e3bb140ac5e7b0c602,3.920016,0.095734,7.896163,0.290807,11.895033,0.674948,16.097786,1.220033,20.223072,1.898160,24.302326,2.764887,28.463236,3.717555,32.585598,4.738092,36.639412,6.032695,40.665169,7.178047,44.496105,8.491307,48.490303,9.770099
df6d034d10e749b8b0f18b9ac15d0d49,2.930240,-0.144792,5.803504,-1.071470,8.707299,-2.470445,11.741789,-4.575830,14.635201,-7.136940,17.488283,-9.810724,20.126371,-12.942170,23.019333,-16.133459,25.665825,-19.412302,28.685282,-22.792637,31.617126,-26.423494,34.633049,-29.817181
b3633a2c4e1c4473b4e155d81bbeae88,4.738517,0.011984,9.504962,-0.003474,14.305319,-0.081678,19.219603,-0.200161,24.112823,-0.402423,29.078112,-0.552050,33.870319,-0.768581,38.680782,-0.994983,43.389061,-1.211856,48.195492,-1.456505,52.857052,-1.696141,57.650806,-1.804547
1eda622e178d4080ab3779ec7c9dec01,1.229507,0.015825,2.416386,0.018228,3.569973,0.012489,4.576619,-0.011457,5.476924,-0.052737,6.371008,-0.084421,7.114262,-0.153460,7.749798,-0.188071,8.327726,-0.255147,8.981475,-0.359389,9.545907,-0.421174,9.973780,-0.497678
a7d6a8623a0e471ba0a2466a101a6f55,2.580737,0.028250,4.999648,0.001392,7.247266,-0.003759,9.298770,-0.011778,11.155242,-0.081899,12.850404,-0.091747,14.279558,-0.119699,15.604262,-0.147670,16.729088,-0.177139,17.812565,-0.215686,18.744331,-0.294654,19.537739,-0.312415
6dff41853bfd41c4a651736619a90a1f,-0.000662,-0.003168,0.008464,-0.002309,0.023831,0.010274,0.036144,0.007535,0.074996,0.004229,0.094062,0.004009,0.123951,-0.005490,0.108318,0.001539,0.090818,-0.000897,0.077567,-0.035847,0.039539,-0.041268,0.042153,-0.030177
c8adef79dfe5419996f8d1e556242f62,2.272779,0.029738,4.581411,0.040082,6.955576,0.034807,9.420089,0.037347,11.930014,-0.016859,14.433433,-0.026920,16.951761,-0.047827,19.497471,-0.111909,22.003258,-0.175958,24.553722,-0.230539,27.091169,-0.293010,29.601627,-0.305474
c81ff26950724ab996a5faf780496e49,2.699575,0.005054,5.433005,0.002322,8.254477,-0.015883,11.147911,-0.039293,14.178715,-0.136920,17.181175,-0.182383,20.149853,-0.278716,23.153507,-0.444027,26.174244,-0.633792,29.243328,-0.818794,32.254341,-1.039389,35.225235,-1.202021
54a00e86e4bc4e16ad9456cc721f9f13,-0.005424,0.004350,-0.006531,0.006878,-0.009461,0.013864,-0.009432,0.017517,-0.008637,0.014772,-0.006282,0.013123,-0.007983,0.006543,-0.007799,0.007168,-0.014284,-0.006808,-0.014559,-0.016380,0.002679,-0.022271,0.035342,-0.034696
be26b42717e24d4ca73241c13d8f252b,0.017733,0.004262,0.040026,0.005815,0.055890,0.019248,0.061591,0.021307,0.070228,0.024715,0.073348,0.023496,0.070363,0.017605,0.066252,0.017134,0.059909,0.003383,0.066504,-0.016539,0.089209,-0.026974,0.132431,-0.051323
71065bdf167248d29495f3b637b91922,0.136159,-0.004990,0.221626,0.003498,0.293718,0.005474,0.319445,-0.019430,0.328403,-0.017198,0.378742,-0.025616,0.408949,-0.034778,0.454994,-0.042047,0.491498,-0.043855,0.581747,-0.041416,0.679932,-0.030522,0.754017,-0.013048
b2b8a0025646480dbe0278105e9d8b62,2.076633,0.066350,4.193835,0.043430,6.351583,0.018572,8.545293,0.011798,10.645918,-0.049018,12.746050,-0.055553,14.671432,-0.038644,16.577480,-0.028089,18.360514,-0.003625,20.210226,0.014316,21.980146,0.043323,23.717352,0.134141
20c25616e4464db9a8fb433c0d3d7359,0.957164,0.013539,1.984213,-0.017624,3.121230,-0.052409,4.423887,-0.114288,5.753885,-0.192385,7.206066,-0.250179,8.666952,-0.288371,10.245096,-0.382888,11.793900,-0.410101,13.416826,-0.423108,15.058641,-0.428831,16.628998,-0.403128
69468e9eb8fa44049d2016694f14a367,-0.005706,-0.008421,-0.014648,-0.003598,-0.023719,-0.003973,-0.024900,-0.008721,-0.019649,-0.000155,-0.016174,-0.004861,-0.017379,-0.005363,0.000897,-0.005373,0.012896,-0.003058,0.034012,0.007680,0.056398,0.014812,0.078985,0.022356
d5ed5cedece047c7939c1c63031fed96,-0.014009,-0.002143,-0.024949,0.001797,-0.030038,0.006413,-0.033122,0.005441,-0.036323,-0.002774,-0.028710,0.001630,-0.032460,-0.003559,-0.041243,0.000358,-0.047644,-0.001664,-0.064948,-0.010189,-0.114624,-0.012073,-0.156551,-0.025065
08c30309865a44db8df44f66ab65d775,3.160043,0.064643,6.551774,0.263417,10.078927,0.623258,13.844608,1.069323,17.768154,1.653228,21.660595,2.468917,25.721415,3.366285,29.769955,4.405685,33.863293,5.612535,37.884243,6.867130,41.861420,8.221690,45.961620,9.604016
b56ddfc3fd524c80be190250641f4c1b,4.339007,0.025770,8.768873,0.062833,13.326644,0.122747,18.004656,0.160571,22.703232,0.156664,27.477779,0.216346,32.101124,0.237062,36.624977,0.250817,41.102615,0.276991,45.541378,0.227590,49.869144,0.186491,54.150822,0.224432
f83bff9396da4084b4da42fa597681ba,3.565531,0.018422,7.153707,0.032371,10.795479,0.014490,14.544963,-0.007465,18.359800,-0.090349,22.176653,-0.123191,25.921215,-0.191805,29.710882,-0.316402,33.444118,-0.400068,37.234497,-0.515415,40.956608,-0.665481,44.735802,-0.687642
ecb4cf8ca33648358bfd755b5625080d,2.519905,-0.039640,4.948248,-0.059136,7.514769,-0.133676,10.158838,-0.247267,13.002372,-0.424908,15.881502,-0.641003,18.855175,-0.909844,21.899742,-1.266023,25.063972,-1.629839,28.304609,-1.952086,31.643482,-2.307568,34.928429,-2.565018
7d0c9d8b00944328a81e11d6f32fd0e1,2.811682,0.242756,5.610658,0.606036,8.548125,1.144667,11.371697,1.918072,14.092726,2.680900,17.000082,3.594416,19.696127,4.500703,22.472687,5.462751,25.164106,6.536462,27.853737,7.318170,30.428804,8.203702,33.016052,9.087561
19cbb46c34ef42ee9a871de61506518e,5.599100,-0.008265,11.131470,-0.058392,16.746159,-0.131879,22.368454,-0.256569,28.046818,-0.458680,33.732300,-0.581881,39.299232,-0.709457,44.790421,-0.894084,50.113693,-1.005490,55.444523,-1.211151,60.570602,-1.314691,65.709038,-1.341203
ca17c2b94ea1473ab6317f8f1cf4632e,-0.016081,-0.003993,-0.026509,-0.006064,-0.028874,-0.000306,-0.034039,-0.003359,-0.027228,-0.005073,-0.027892,-0.002004,-0.015111,-0.008502,-0.017980,-0.006022,-0.018917,-0.002862,0.017046,-0.021604,0.048032,-0.015355,0.115446,0.005756
d5b204cc87594c89a672b5a7581b7282,2.892612,0.041918,5.813138,-0.037411,8.798120,-0.114454,11.783845,-0.228246,14.787615,-0.424430,17.803642,-0.560271,20.645933,-0.761138,23.467127,-1.032859,26.199755,-1.264907,28.962135,-1.597767,31.617533,-1.895248,34.190075,-2.185728
c27d64c77ebf4c3f8ed77abb4039d018,2.138665,0.026395,4.418017,0.031395,6.835402,0.025333,9.403116,0.024538,11.977883,-0.051128,14.577859,-0.086860,17.034784,-0.117160,19.522369,-0.196740,21.911617,-0.243427,24.253990,-0.272853,26.564928,-0.323802,28.784197,-0.319770
0e82c9a899984b4399ac86b05e6c9348,4.098917,0.069519,8.060816,0.067634,12.008683,0.120861,15.879464,0.120850,19.766409,0.131635,23.644117,0.287473,27.402859,0.412235,31.155081,0.720972,34.872841,1.020269,38.733719,1.362204,42.475754,1.776826,46.407806,2.344647
626e395b56a24a7e881d1d3b39f7922d,4.344137,-0.001909,8.652267,0.003187,12.884678,-0.024083,17.132235,-0.101541,21.335159,-0.206045,25.498915,-0.256707,29.444181,-0.331439,33.329990,-0.452146,37.061169,-0.525721,40.778301,-0.619999,44.330692,-0.738758,47.892113,-0.746525
e73f09cf89af441e94ea10e80c0abc6a,2.721699,0.157719,5.362037,0.623036,7.926905,1.470036,10.399122,2.624002,12.795814,3.850612,15.276083,5.426964,17.561811,7.087147,20.008873,8.854857,22.390030,10.687305,24.799330,12.567412,27.082291,14.460861,29.631571,16.340870
ebaeb29574734b60b31b45df641f285b,-0.004955,-0.003503,-0.014550,0.004065,-0.015567,0.001938,-0.015725,0.001241,-0.014696,0.006883,-0.006569,0.009156,-0.020403,0.004278,0.000289,0.011145,0.000790,0.008932,0.011861,0.015165,0.009000,0.009484,0.003740,0.001785
8307c8e4aff94796a5ff58d17ec13e05,4.120468,0.008589,8.155449,0.007931,12.130084,0.000498,16.096395,-0.007236,19.908522,-0.059534,23.664736,-0.018890,27.188391,0.026957,30.686838,0.046744,33.882622,0.108379,37.041035,0.142307,39.983513,0.154273,42.826752,0.223958
8112fd049521493b8e26a653f63aa792,3.153421,0.008930,6.216912,0.018114,9.271109,0.046253,12.348609,0.033342,15.487291,0.017783,18.562664,0.018553,21.675510,-0.006496,24.848061,-0.067540,28.018560,-0.111863,31.206627,-0.159366,34.402885,-0.244581,37.593647,-0.261404
72bbf2c7aea3440fb744d0962be4ea9f,1.939732,0.035188,3.723226,0.050757,5.401329,0.081991,6.954981,0.114957,8.334932,0.118692,9.679748,0.162284,10.869316,0.172664,11.973428,0.197924,12.956952,0.261150,13.922155,0.245456,14.755715,0.238296,15.478291,0.295166
d835aadf9ea44221a5024ce1051d19e2,3.089864,0.039631,5.983950,0.055747,8.707722,0.058656,11.181473,0.077385,13.445558,0.005944,15.504095,0.013338,17.261215,0.008826,18.894691,0.020833,20.282606,0.008179,21.653683,0.025050,22.859911,0.021522,23.916946,0.054328
bff09582450f4d228d8fb0c66932dda6,4.640179,0.013830,9.332915,-0.037135,14.184446,-0.136981,19.120094,-0.226563,24.059998,-0.432502,29.153145,-0.529586,34.036915,-0.635692,38.861580,-0.718879,43.457935,-0.783993,48.126225,-0.915249,52.559757,-0.935174,57.011105,-0.865299
04e1752fd1564892b114f79de61a7145,2.529105,0.044519,4.925292,0.023482,7.259014,0.046381,9.564692,0.038589,11.898166,0.012955,14.110919,0.032767,16.340097,0.013248,18.610487,0.005851,20.860834,-0.016810,23.186626,-0.038473,25.442842,-0.115755,27.729010,-0.108515
27dcccc2cf7c4ab5aae90ec8edd44ced,0.869342,0.004619,1.613542,-0.013985,2.227320,-0.018306,2.770768,-0.053701,3.219109,-0.086207,3.638518,-0.116904,4.009928,-0.139209,4.336658,-0.174054,4.622096,-0.190384,5.005697,-0.230446,5.317642,-0.227760,5.614665,-0.221475
8f5cb4b83a174817b46d2610b86b30b7,0.415378,-0.004476,0.846166,-0.016646,1.261788,-0.023300,1.703480,-0.031273,2.145058,-0.073758,2.599326,-0.099957,3.017098,-0.134609,3.410272,-0.163300,3.774078,-0.219475,4.192601,-0.274542,4.544907,-0.295827,4.869665,-0.348647
886b6ec57bc849478923925100ee4992,3.561752,0.113451,7.072573,0.068862,10.509748,0.019237,13.949873,-0.035796,17.275942,-0.152337,20.635700,-0.071747,23.700420,-0.047314,26.714619,0.105597,29.575962,0.286076,32.523853,0.465172,35.255623,0.730980,38.018265,1.085844
41741424f0ca4b5ba914447cf059090f,1.255353,0.017098,2.608833,0.092543,4.136565,0.209278,5.613639,0.455311,7.194280,0.834306,8.898414,1.590974,10.491979,2.553883,11.834947,3.984873,13.104883,5.687781,14.172453,7.600695,15.028282,9.880761,15.714534,12.395154
14c0aee526774417a02d13f74fe3574f,3.466269,0.065468,6.830990,-0.005735,10.102684,-0.064345,13.234311,-0.176384,16.256727,-0.374168,19.140417,-0.480539,21.849993,-0.651945,24.393854,-0.811759,26.754889,-0.984615,29.020742,-1.202244,31.075504,-1.422333,32.921101,-1.493406
983d1e947c6f4829810cb5e7a57c4eb5,-0.013052,0.000673,-0.029802,0.007089,-0.033229,0.008812,-0.040804,0.011273,-0.042496,0.013543,-0.051286,0.011751,-0.067928,0.002451,-0.064684,0.002496,-0.099500,-0.003305,-0.098589,-0.010605,-0.106876,-0.023985,-0.056500,-0.017735
53b7daee15ef4e3bb01151f448e7961c,-0.001239,0.003844,-0.009174,0.008926,-0.000574,0.011791,-0.003711,0.012730,-0.004961,0.017284,-0.005401,0.016985,-0.010393,0.003226,0.013191,-0.000248,-0.004960,-0.004246,0.043093,-0.015751,0.077071,-0.030251,0.175646,-0.021000
82d2401da4914515bec957801fbf3f10,4.227143,0.007522,8.342377,-0.039477,12.376397,-0.099341,16.294201,-0.178460,20.022923,-0.346422,23.588255,-0.408798,26.897398,-0.493859,30.028452,-0.594181,32.798546,-0.659324,35.454960,-0.737680,37.867825,-0.790187,39.973717,-0.793526
59df5211d92545d287f2dd487affc84b,3.550400,0.014960,7.058553,0.007841,10.513443,-0.004561,14.009400,-0.054693,17.511362,-0.136460,20.942083,-0.161083,24.299372,-0.224273,27.653679,-0.303172,30.946999,-0.380393,34.222382,-0.446745,37.431107,-0.537343,40.662338,-0.555615
f41ad7cabc8c4bd8baa84834bb0b147e,2.855816,0.073031,5.488609,0.018947,7.919113,0.008111,10.148871,-0.018291,12.134345,-0.073882,13.902662,-0.064227,15.478619,-0.065770,16.894245,-0.077037,18.029388,-0.056370,19.152788,-0.060132,20.028666,-0.055397,20.746223,0.029969
bdb46f5cf1e74dce9e71616bd0c9209b,4.323515,-0.096459,8.572076,-0.461313,12.831524,-0.926739,16.937529,-1.582450,21.054272,-2.384081,25.089136,-3.140840,28.869299,-3.975283,32.577946,-4.813162,36.166866,-5.649017,39.797318,-6.485344,43.282505,-7.246069,46.768616,-7.897529
abfba2b05f5a460888f40d708e58b814,1.419803,-0.043281,2.929831,-0.135133,4.582689,-0.286662,6.426730,-0.426445,8.328369,-0.602335,10.436452,-0.738479,12.595379,-0.884903,14.959891,-1.060946,17.398169,-1.141333,19.905910,-1.277510,22.504547,-1.331045,25.212791,-1.378592
57631a0fe1634b5ca5a2c9d907999759,4.382675,0.020140,8.774044,0.044447,13.256204,0.050411,17.757032,0.049790,22.310057,-0.063248,26.916832,-0.114573,31.355898,-0.244305,35.760239,-0.391024,40.126476,-0.587025,44.488884,-0.875975,48.762455,-1.159427,53.015503,-1.380041
6fc5c52c0f544ea1a90113153a7ac75d,5.599653,-0.091946,11.242329,-0.347380,17.131237,-0.910150,23.158796,-1.724821,29.170898,-2.861466,35.440468,-4.111950,41.465141,-5.511659,47.585747,-7.180493,53.503025,-9.041401,59.562744,-10.927551,65.590561,-12.935322,71.507713,-14.970495
b2345af04f96485382193db6c95e090b,4.925575,0.094455,9.884028,0.096818,14.844515,0.110610,19.884052,0.077119,24.848841,-0.074498,29.874378,-0.184163,34.693169,-0.425865,39.443558,-0.746998,44.088596,-1.136604,48.799744,-1.677374,53.332436,-2.251805,57.873047,-2.799266
8b2ca789ee28451abc883c990b3a2b70,3.620534,0.042767,7.152987,0.016137,10.709324,0.001015,14.156162,-0.009479,17.529430,-0.106514,20.889914,-0.096919,24.054733,-0.124828,27.133951,-0.112790,30.114029,-0.117433,33.184380,-0.201686,36.089539,-0.242847,38.973682,-0.229329
15792c9cb14841cea40b91cf0fd66985,1.546317,-0.001634,2.896649,0.019871,3.976872,0.061981,4.793463,0.136957,5.455921,0.133345,5.948650,0.177931,6.260893,0.216968,6.394715,0.298964,6.589772,0.334722,6.755328,0.352489,6.922326,0.352424,7.140315,0.379768
549a057075c4426bbfa39acfcca5e2c6,3.741656,0.019442,7.428296,0.090681,11.096856,0.161370,14.781824,0.235656,18.424948,0.307451,22.069771,0.475342,25.616961,0.643087,29.109369,0.830456,32.513298,1.004618,35.972614,1.259681,39.364014,1.453749,42.789410,1.782082
ff6f76d026234765be9de85f2781836c,3.365072,0.058233,6.818107,0.175220,10.368103,0.354332,13.991522,0.576816,17.612968,0.811965,21.326515,1.186286,24.975824,1.551384,28.588348,1.960751,32.151318,2.363663,35.797363,2.817453,39.403671,3.233955,43.032261,3.710068
c3ec361f6cf84cb5802d1f7cf5f1764f,4.057893,0.011420,8.032583,-0.217114,11.822301,-0.455609,15.370458,-0.830690,18.819262,-1.277855,22.062895,-1.659298,24.934429,-2.151644,27.659063,-2.611230,30.177364,-3.028954,32.689301,-3.503930,35.008846,-3.946804,37.211987,-4.265903
43a35551dc4a4f808dccf9476ab8ce19,3.117800,0.127712,6.332791,0.190768,9.645964,0.334584,13.076683,0.546879,16.315176,0.760050,19.601570,1.084641,22.711962,1.407881,25.676420,1.754278,28.402086,2.182148,31.109301,2.533186,33.610703,2.917153,35.966293,3.368575
04a80ab03a6f4bc7afd189e8fd3e9ac3,0.134894,-0.003789,0.250831,0.010093,0.377306,0.019608,0.455040,0.015693,0.553795,0.009355,0.665933,0.031509,0.733361,0.007993,0.737998,0.018785,0.682433,0.004627,0.661856,-0.023329,0.544528,-0.021810,0.387451,-0.035730
150c83505ad84c77be6c6fd364b97552,5.229171,0.151930,10.380550,0.514479,15.280467,0.971006,20.165194,1.793895,24.657951,2.832421,29.112589,4.190426,33.353989,5.809971,37.465893,7.750494,41.514515,9.945395,45.244701,12.163650,48.937527,14.654122,52.806458,17.077606
c1f3e0222c9b485f93ae31290084bbff,3.312521,0.064961,6.584733,0.284930,9.751016,0.571801,12.856602,1.029705,15.855595,1.570980,18.703531,2.159119,21.353312,2.798506,23.995316,3.516179,26.602631,4.293805,29.035742,5.068434,31.459513,5.815557,33.960323,6.620608
87d52f88505f480486576d64102006eb,3.601818,0.066992,6.809895,0.063335,9.591147,0.057022,11.953419,0.084368,13.989670,0.063779,15.645046,0.111956,16.966728,0.154336,18.070747,0.200788,18.928535,0.186227,19.751848,0.284564,20.424541,0.301383,20.967323,0.339968
ed8801f8062440ef971d4bc65577c182,5.088694,-0.020321,9.992360,-0.023864,14.723729,-0.057962,19.283022,-0.158185,23.762617,-0.262515,28.071730,-0.332605,32.166649,-0.453741,36.125317,-0.583828,39.972584,-0.666021,43.824673,-0.771802,47.511810,-0.852866,51.177402,-0.862891
5fae799a320247328f628bd1ebc45aea,0.020572,0.000406,0.005725,0.002719,-0.004774,0.011671,-0.029822,0.009036,-0.066704,0.008188,-0.041773,0.002575,-0.002963,0.001819,0.097326,-0.008002,0.220954,-0.006259,0.405668,-0.011020,0.650370,0.006163,0.899221,0.025703
eae97c25693348cbaaa7851cd2416e00,4.180710,-0.169251,8.244244,-0.574170,12.420286,-1.071306,16.412622,-1.749019,20.560661,-2.555607,24.648375,-3.235226,28.682505,-4.033766,32.658394,-4.747822,36.651421,-5.417212,40.673592,-6.077586,44.658173,-6.602395,48.641857,-6.982069
2037690a58a74100af797cb717ca1160,-0.017365,-0.010595,-0.026789,-0.013275,-0.023353,0.008061,-0.031010,0.006384,0.005961,-0.003925,0.009251,0.005237,0.031558,0.006972,-0.011843,0.029277,-0.082601,0.041856,-0.170259,0.001574,-0.324205,0.015089,-0.389304,0.045074
7e0cd74501b2471a8aaf47becd96899d,2.444851,0.023612,4.823633,-0.047774,7.184606,-0.120357,9.541429,-0.223933,11.835125,-0.354701,14.068689,-0.453622,16.201799,-0.562396,18.307428,-0.728260,20.327627,-0.843557,22.297777,-0.972290,24.214828,-1.124578,25.993435,-1.187547
8dfd7e7c33c241a39556502bc1690212,4.107508,0.080362,8.271143,0.338809,12.428854,0.764768,16.729515,1.339774,20.876928,2.090891,24.983273,2.970058,29.050413,3.921405,33.083542,4.969145,36.966984,6.205841,40.824272,7.319368,44.474373,8.566609,48.359821,9.740065
4134b8c75c8f43dab91bfc2d134040a8,3.037521,0.007420,6.283827,-0.151190,9.742251,-0.436210,13.403295,-0.847981,17.153805,-1.450875,21.086124,-2.069379,24.817442,-2.837072,28.631334,-3.792876,32.358135,-4.832498,36.157562,-5.934629,39.944435,-7.145335,43.685184,-8.382655
2cfd688f14d3442fb4020d06ce0e30f9,3.824578,0.094025,7.833320,0.262268,11.992598,0.551003,16.335567,0.966424,20.742514,1.439016,25.219290,2.191026,29.734980,3.025671,34.274979,4.026082,38.713783,5.117780,43.189491,6.297140,47.572948,7.547939,52.034122,8.820525
0d03f0d9dbb44764b8b1283c8b7b7fdb,2.770507,0.016087,5.469787,0.006929,8.151573,-0.003941,10.824486,-0.053500,13.436338,-0.116113,16.049128,-0.146886,18.557247,-0.205537,21.072889,-0.314411,23.526291,-0.403051,25.986403,-0.499125,28.403767,-0.604550,30.721727,-0.696916
51f2345e6fd74a57a876fe5f0c1610a1,1.068777,0.017972,2.024493,0.008437,2.899711,0.032244,3.671120,0.077473,4.376496,0.086171,5.030745,0.112978,5.497511,0.163256,5.925484,0.158304,6.287006,0.194712,6.626874,0.204943,6.912998,0.226982,7.128459,0.286021
322f9f049dc9426e962e0da87e8e2594,2.453585,0.047734,4.830835,0.025480,7.207642,0.025225,9.571062,0.006405,11.914251,-0.035009,14.214265,-0.021071,16.485659,-0.014993,18.786549,-0.030084,20.992178,-0.029325,23.252003,-0.012178,25.458582,0.002499,27.600758,0.040567
1c8c0a3594a5494c92344fb864e6e4d2,1.344177,0.013739,2.559320,0.037786,3.724361,0.044263,4.752081,0.097735,5.694763,0.081898,6.631175,0.094952,7.433841,0.102550,8.173456,0.154532,8.929611,0.165723,9.765779,0.140242,10.569542,0.149098,11.307268,0.174163
200ea2c6235447acb2849d341afb4139,2.346579,-0.008318,4.600798,-0.064250,6.870169,-0.140640,9.153803,-0.252034,11.512537,-0.367527,13.906899,-0.469138,16.346834,-0.575042,18.799427,-0.709808,21.272423,-0.798890,23.751642,-0.878563,26.252214,-0.917617,28.700891,-0.919879
f1ef9ed401064b7f9e5ce3f004b1b0fe,3.129818,0.003953,6.176161,-0.005111,9.186251,-0.027709,12.140349,-0.068986,14.978479,-0.160487,17.806564,-0.179823,20.463322,-0.222839,23.064081,-0.256003,25.571999,-0.313950,28.049873,-0.357473,30.463289,-0.397460,32.748127,-0.412938
e59a4d0cc6a84ed59f78fb21a45cdcb4,3.180287,-0.026476,6.398113,-0.056248,9.785513,-0.085889,13.353134,-0.141214,17.079317,-0.234149,20.865479,-0.270162,24.704062,-0.314007,28.694431,-0.364458,32.673988,-0.372774,36.741665,-0.361808,40.843399,-0.347751,45.062580,-0.162540
7209495d06f24712a063ac6c4a9b403b,4.782534,-0.032806,9.593630,-0.037060,14.607948,-0.074019,19.705002,-0.155690,24.893974,-0.277537,30.238058,-0.346196,35.475197,-0.407654,40.670135,-0.521344,45.807125,-0.516855,50.998589,-0.606982,56.096615,-0.623786,61.195789,-0.491436
3d776ea805f240bb925bd9b50b258416,4.422786,-0.028828,8.794250,-0.015266,13.242763,-0.025841,17.698278,-0.061323,22.174349,-0.136412,26.710535,-0.185801,31.094501,-0.252246,35.448833,-0.329439,39.764530,-0.384118,44.126343,-0.473039,48.432571,-0.534297,52.791668,-0.483965
48f81c548d0148fc8010a73d70b2ef9c,5.327447,-0.069986,10.713513,-0.242608,16.112429,-0.564263,21.582504,-1.136353,26.963421,-1.834890,32.446587,-2.615802,37.657314,-3.535339,42.886509,-4.590777,47.933418,-5.725194,53.066944,-6.910784,58.122608,-8.223050,63.141911,-9.440132
2ab683f384234dce89800049dec19a30,2.082624,0.007806,4.373420,0.036372,6.926063,0.055166,9.742013,0.057491,12.795056,0.041967,15.930360,0.016377,19.177305,-0.022451,22.540167,-0.121895,25.945482,-0.210426,29.401428,-0.283224,32.907841,-0.402266,36.450123,-0.414393
7edca4c44eac4f52a3105e1794e56b7e,5.378117,0.023218,10.685213,0.098116,15.962039,0.208539,21.213268,0.306470,26.381769,0.424061,31.574717,0.593122,36.525414,0.730062,41.372410,0.825244,46.128616,0.972816,50.911171,1.060849,55.601601,1.141455,60.252277,1.276316
81c939ce8c0d4cc7b159cb5ed4c4e712,-0.005118,-0.000785,-0.007455,-0.003009,-0.009109,-0.002484,0.008532,-0.005160,0.034092,-0.017939,0.054478,-0.013015,0.089360,-0.027802,0.082343,-0.021565,0.070309,-0.023720,0.042852,-0.042620,-0.004282,-0.051968,-0.034207,-0.042914
24e6e64ecf794be4a51f7454c8b6d0b2,2.397856,0.056837,4.836243,0.177666,7.312889,0.407805,9.915978,0.713125,12.551553,1.076424,15.197772,1.525628,17.833809,2.034352,20.508299,2.554146,23.180220,3.238296,25.807920,3.890042,28.434380,4.591379,31.156675,5.413774
828ed34a5e0c456fbf0751cabbab3341,3.794880,0.016932,7.701839,-0.076676,11.768698,-0.235662,15.960814,-0.452135,20.235939,-0.841363,24.576979,-1.187070,28.771349,-1.654304,33.005253,-2.236189,37.125381,-2.882905,41.309135,-3.615089,45.416748,-4.391734,49.484108,-5.174105
edfd6cfd1805477fbeadbd29f39ed599,4.935267,-0.027104,9.840827,-0.095721,14.735769,-0.233026,19.586086,-0.403018,24.365456,-0.674443,29.212370,-0.894861,33.696999,-1.165447,38.122074,-1.451907,42.321796,-1.730952,46.538666,-2.056274,50.509621,-2.341218,54.457973,-2.569676
7692a3e112b44b408d191e45954a813c,2.770504,0.029161,5.512134,0.024279,8.328294,0.014542,11.158118,0.005089,14.040180,-0.055303,16.882622,-0.073022,19.695288,-0.090381,22.477303,-0.131325,25.221479,-0.180338,27.971474,-0.281014,30.647661,-0.379938,33.284424,-0.394596
58d27a9f83294d99a4ff451dcad5f4d2,4.459731,0.029698,8.775388,0.067814,13.070414,0.131924,17.249041,0.166271,21.428350,0.165249,25.556723,0.221593,29.563690,0.244885,33.481030,0.265615,37.354057,0.310347,41.277962,0.226010,45.089157,0.188628,48.905788,0.224477
a1573aef0bf74324b373dd8a22b4dd68,2.198833,0.187357,4.438635,0.098968,6.639380,0.073612,8.801318,0.039306,10.813799,-0.224389,12.796453,-0.494735,14.638101,-1.209462,16.235479,-1.937909,17.787718,-2.878113,19.448881,-4.361525,21.116533,-5.864069,22.774755,-7.469665
ba06095d4e2e425b8e398668abc301d8,3.731491,0.094275,7.296499,0.177250,10.690068,0.276582,13.820390,0.432661,16.661436,0.551225,19.300154,0.763660,21.605267,0.952040,23.737984,1.172213,25.569889,1.399127,27.302759,1.573703,28.862600,1.728451,30.219410,1.929696
7c315a1db2ac49439d281605f3cca6be,4.571850,0.028206,9.114479,0.045316,13.571007,0.043577,18.012732,0.023246,22.323986,-0.046875,26.583929,-0.036370,30.583387,-0.071664,34.504349,-0.137344,38.216145,-0.182433,41.912029,-0.282038,45.431145,-0.396162,48.868977,-0.446288
732d7a84353f4ada803a9a115728496c,2.963875,0.071444,6.043045,0.081485,9.228704,0.091755,12.532059,0.120863,15.766208,0.079226,19.046940,0.110295,22.175644,0.134299,25.292427,0.111918,28.188438,0.125761,31.094757,0.053800,33.839195,-0.015147,36.479919,-0.016611
1630a1d9cf8a46b3843662a23126e3f6,1.802283,0.035709,3.434272,0.094005,4.933482,0.137351,6.181120,0.274651,7.281724,0.331700,8.274100,0.443484,9.047097,0.559075,9.727293,0.781667,10.348147,0.904048,11.003899,1.024415,11.620958,1.178831,12.203893,1.338600
f437809584344859882bdff7f8784c43,2.052718,-0.007863,3.974980,-0.134027,5.831052,-0.286141,7.618808,-0.506403,9.450293,-0.746156,11.243549,-0.973343,13.142065,-1.328051,15.171084,-1.666813,17.309273,-2.016645,19.602163,-2.444710,21.869635,-2.902534,24.279890,-3.289221
