seed,ade_2s,ade_4s,ade_6s,fde,miss_rate,offroad,offroad_rate,wall_s
22,0.6123963187363511,1.4873106848626252,2.6454951256485417,6.115449446950147,0.7333333333333333,,,3.4
23,0.5933850394458979,1.448063306763038,2.5696491241762165,5.922260722560866,0.7733333333333333,,,1.8
24,0.6152198562297031,1.5178678946729798,2.704505936804553,6.241265489401996,0.7533333333333333,,,1.7
25,0.61449821520421,1.5096888935791584,2.7032882617328355,6.284687809063929,0.78,,,1.8
26,0.6202277861816122,1.5230056987648177,2.723091945096994,6.30627488611156,0.76,,,1.7
27,0.606805179770174,1.4944280479451229,2.6807530862738314,6.233047522646122,0.76,,,1.7
28,0.5975478122940782,1.461806750588313,2.613553578364804,6.0607259049107025,0.7866666666666666,,,1.7
29,0.6032880065574668,1.4866710379842603,2.656441675914203,6.145122161898171,0.7666666666666667,,,1.8
30,0.5978055400593228,1.4653972401760806,2.609014094943592,6.016497441062256,0.7533333333333333,,,1.7
31,0.6123828432744929,1.512800677400173,2.704862499366594,6.267123287415433,0.8,,,1.7
32,0.6239070443755869,1.5490508807582202,2.774519951506707,6.43843745595796,0.8,,,1.8
33,0.6209609672655311,1.5198892148849306,2.7072488094705274,6.247277915570876,0.7733333333333333,,,1.7
34,0.6115222789054625,1.499609489094402,2.667510475547464,6.1470986506357805,0.7733333333333333,,,1.7
35,0.6151133209450955,1.4944294024694762,2.6609740694535464,6.146896543414548,0.8066666666666666,,,1.7
36,0.6113590674693828,1.4929513646366344,2.658563495419409,6.1566695336809,0.8066666666666666,,,1.8
37,0.6153358393365908,1.519013597172009,2.7247856224838465,6.343623863582399,0.7533333333333333,,,1.7
38,0.6189387849250003,1.5214363913236255,2.70056985658702,6.205630864878332,0.76,,,1.7
39,0.6100633627695415,1.4940353849156829,2.6643784954969836,6.16892200287728,0.7666666666666667,,,1.8
40,0.6247144750638427,1.5376842205776757,2.7286201105572423,6.265642706959808,0.7666666666666667,,,1.7
41,0.6138046116870658,1.5038714361067818,2.6715516467208005,6.14423464657931,0.7466666666666667,,,1.7
42,0.6162757605438856,1.506709991862648,2.6825494819037377,6.1873029642457915,0.7866666666666666,,,1.7
43,0.6146031354967515,1.5115913216742698,2.7051197665627083,6.285050668259604,0.7933333333333333,,,1.8
44,0.6098878719836581,1.500513148940471,2.678494496875723,6.193591781868383,0.7933333333333333,,,1.7
45,0.6047678330574419,1.4802605788288,2.658346181652978,6.200106464423142,0.78,,,1.8
46,0.6071280645565222,1.4957989397446847,2.684010000885723,6.230678131022653,0.7733333333333333,,,1.8
47,0.6311003962155018,1.5480236195390749,2.7595283487952385,6.380794552969105,0.7466666666666667,,,1.7
48,0.6058409780950467,1.4797777526506855,2.639271122520576,6.130540278714392,0.7666666666666667,,,1.7
49,0.6125785372934975,1.5015817370939601,2.6727391327260146,6.157995755003608,0.8066666666666666,,,1.7
50,0.61375751309451,1.5043418973706877,2.685925673762995,6.209667558715799,0.8066666666666666,,,1.7
51,0.6166896801849595,1.5106952078257867,2.7026245746437105,6.275080133875512,0.78,,,1.7
52,0.6229904641062768,1.5050067024220366,2.6555982567894265,6.105565579915918,0.7466666666666667,,,1.6
53,0.6158778796241214,1.5080892931344476,2.692166528094258,6.238058685387376,0.78,,,1.9
54,0.6259465784783875,1.534280412375241,2.7494585704442596,6.398448728463323,0.7866666666666666,,,1.9
55,0.621431175478344,1.520478065331686,2.713484168931983,6.279426544342571,0.74,,,2.0
56,0.6105371039771985,1.4918486420428614,2.6564220722586054,6.156264787480251,0.7333333333333333,,,2.1
57,0.616339938514851,1.5036216938450335,2.6808034340524554,6.209325352565056,0.7533333333333333,,,1.9
58,0.5926782042143264,1.4481649519212638,2.5901165699219493,6.009378646400085,0.7733333333333333,,,2.0
59,0.6170550108302183,1.5161566797616117,2.698296121288483,6.22882405042633,0.7466666666666667,,,1.9
60,0.609887748411872,1.4941365959277593,2.647751586219838,6.075171719528346,0.7733333333333333,,,1.9
61,0.6144520698654338,1.5081824613024901,2.686568762056192,6.215296168139063,0.7533333333333333,,,2.0
62,0.610338100380468,1.4987687069552336,2.6675301854290225,6.15905778824693,0.8,,,2.1
63,0.619798515524172,1.511558770807842,2.673518859570041,6.132840128666854,0.74,,,2.4
64,0.6065679278639877,1.4761400364970405,2.6488749297851752,6.159989998933513,0.7866666666666666,,,2.2
65,0.6073838809652944,1.4936015849869408,2.6811307232773456,6.239681296777208,0.74,,,3.2
66,0.6194007937592035,1.5156217781338592,2.693566608934725,6.212015290900526,0.7733333333333333,,,2.0
67,0.6169438692801803,1.5114960327300475,2.6749221807731396,6.141554025727598,0.7533333333333333,,,1.7
68,0.6067954868478104,1.472284659488013,2.624912728626146,6.0825870096249215,0.76,,,1.8
69,0.6022760084913387,1.468813876824714,2.620418327538182,6.068713980413321,0.7933333333333333,,,1.8
70,0.6230980233375001,1.522650502183948,2.7121724202471595,6.261444167829581,0.7666666666666667,,,1.8
71,0.6128839946128621,1.5142758890766852,2.700462057509291,6.239626456320141,0.76,,,1.7
72,0.6034496195437032,1.4649438208853893,2.6110373992852316,6.050031647033538,0.78,,,1.7
73,0.601855566217849,1.4680496538815122,2.6109862127659684,6.036445394460229,0.7266666666666667,,,1.7
74,0.6177113092462162,1.5230964218333538,2.7338246679145035,6.361594909917515,0.8,,,1.8
75,0.6133281292212809,1.4963913958073796,2.653227940432553,6.104432078010464,0.7733333333333333,,,1.7
76,0.6068301860187595,1.4927771220520296,2.6662258363502382,6.1889428880835125,0.7666666666666667,,,1.8
77,0.6109782658321404,1.4827400219733469,2.647010237504119,6.127550785674429,0.7533333333333333,,,2.1
78,0.6019112214689778,1.467454621115036,2.619493681713215,6.059911189505434,0.7666666666666667,,,1.8
79,0.6280154050750071,1.5497164317030665,2.775377029511427,6.4415047615478755,0.7866666666666666,,,1.8
80,0.6162541233695892,1.5194430695167045,2.717220579064072,6.303957252001995,0.7466666666666667,,,1.7
81,0.613256037355692,1.5116727826176168,2.705593600135966,6.2814329084463685,0.7533333333333333,,,1.9
82,0.5952158643056544,1.4559874793580867,2.598202921598773,6.012217971429949,0.7666666666666667,,,1.7
83,0.6156320171274047,1.5051948511403757,2.696625732333973,6.259657883830609,0.7933333333333333,,,1.8
84,0.6048082129969584,1.4765776859704092,2.620363069579106,6.0250318643334735,0.7866666666666666,,,1.8
85,0.6205107740306711,1.536397918239922,2.753257093288073,6.382984165275303,0.7666666666666667,,,1.8
86,0.6194639242218434,1.5208849776119762,2.710253985691826,6.252102440168685,0.7933333333333333,,,1.8
87,0.6106183950252815,1.4847295095558755,2.6590924835839505,6.185549287783912,0.74,,,1.8
88,0.6225753779249978,1.517585758194425,2.687844794674,6.181031168109742,0.7933333333333333,,,1.8
89,0.6052821660835654,1.465696247671782,2.6054099015169467,6.016295981645534,0.7333333333333333,,,1.7
90,0.6017960669146217,1.4778755092639981,2.630344811098503,6.067322862008395,0.72,,,1.9
91,0.6091358107093026,1.4754137620520476,2.631757343734907,6.106342613751203,0.7333333333333333,,,1.6
92,0.6084811649433358,1.4903405595631922,2.6593231699749333,6.1419912669754755,0.7666666666666667,,,1.7
93,0.6114535283950975,1.5056075605481753,2.697485562904943,6.252226759927579,0.78,,,1.7
94,0.6210020637847534,1.5177721094852639,2.7062093788068617,6.2721250008440395,0.76,,,1.7
95,0.6173389777298062,1.5287936306341112,2.746248363392832,6.39625941252378,0.7533333333333333,,,1.7
96,0.628247015812543,1.5379321019282728,2.7439554888021886,6.358806060185511,0.76,,,1.7
97,0.6052825030707353,1.4848213282904124,2.6401764177915017,6.078437776318517,0.74,,,1.7
98,0.6019605930931541,1.4634416631470624,2.5882090788928567,5.951380981888365,0.7666666666666667,,,1.7
99,0.6187770904008569,1.527708787501545,2.7486035557956803,6.405720403770386,0.7866666666666666,,,1.7
100,0.6001731340235212,1.4722394126797056,2.639202469444191,6.1262828650396886,0.8,,,1.7
101,0.6157541837648213,1.497959193084951,2.670278138709735,6.181820866578499,0.8,,,1.8
102,0.626829415394534,1.5369693955358532,2.737847935814851,6.310992569749133,0.74,,,1.8
103,0.6205534304437673,1.5193988832709813,2.6971122013182725,6.221933252523997,0.7533333333333333,,,1.7
104,0.6033416379451094,1.4672651906119545,2.604167755745798,6.001268501512111,0.76,,,1.7
105,0.6187504692817343,1.5191209848367488,2.7135705284723923,6.282191563126455,0.76,,,1.7
106,0.6175363112855897,1.5193758646031752,2.7208341615591363,6.309554269843245,0.7466666666666667,,,1.7
107,0.6229031475426565,1.5316656729448648,2.719041255543027,6.25691129343703,0.7933333333333333,,,1.7
108,0.6009579306021038,1.4710063170815375,2.6279234595505554,6.07807485475319,0.7733333333333333,,,1.8
109,0.6046970519784611,1.4664679173361252,2.6051990918084895,6.010057974515195,0.7733333333333333,,,1.8
110,0.6154621535651231,1.5001789197316222,2.679241116662448,6.199520665302975,0.7866666666666666,,,2.0
111,0.6107665046652477,1.4850505910106768,2.645776536186529,6.1096159629168945,0.7666666666666667,,,1.9
112,0.614374342867547,1.498231598133742,2.6688869233880905,6.162110125844588,0.7666666666666667,,,1.9
113,0.6262231721698768,1.543453703959804,2.7551195589281723,6.373263596709198,0.7866666666666666,,,1.8
114,0.6102565621186585,1.5049300306513302,2.7108809701246477,6.323454541556841,0.78,,,1.8
115,0.6088978499839264,1.495490670092388,2.650616288017887,6.077716593741657,0.7466666666666667,,,1.9
116,0.6173626702817321,1.5202848602323005,2.7195471057673677,6.306932097737374,0.7733333333333333,,,2.0
117,0.6130051320656745,1.4886582308387428,2.653543033205021,6.145669674056749,0.7666666666666667,,,2.1
118,0.605832669615722,1.4912670169210553,2.6758940543735275,6.244160852037794,0.76,,,2.6
119,0.6086590354174113,1.5016088867634048,2.6917374517107246,6.252220292289096,0.7666666666666667,,,2.3
120,0.6006359244003266,1.4654416013566511,2.6041878584875873,5.998124193694536,0.7266666666666667,,,2.5
121,0.6125214854888302,1.5187680473558816,2.7239462605160263,6.332133441554547,0.8,,,1.9
122,0.5976598881186436,1.464524394523569,2.6041341299338328,6.017223853093289,0.7666666666666667,,,1.9
123,0.6154186825941126,1.510903241458191,2.7038454714362494,6.269891327301278,0.76,,,2.0
124,0.6002178921167812,1.4665190116151094,2.6210072335583807,6.078100153234721,0.7666666666666667,,,1.9
125,0.6057982645457888,1.4757067979693335,2.6072677982081975,5.968125733859771,0.76,,,1.9
126,0.6148407063089688,1.5057764610676365,2.6992116978235834,6.270627287350249,0.7733333333333333,,,1.9
127,0.6000156322065898,1.4739130398646685,2.6213363022425034,6.031914959748017,0.7466666666666667,,,1.9
128,0.6155252272303827,1.5166947833871474,2.712378962928452,6.293400034357355,0.78,,,2.4
129,0.612710057438746,1.5197472893198878,2.712278185724375,6.266071413230863,0.7933333333333333,,,2.2
130,0.6107029894929755,1.4882599740480555,2.6487069783917976,6.103188750020551,0.76,,,2.0
131,0.6138544676789176,1.515050280215771,2.7118274258853186,6.299856447405622,0.7466666666666667,,,1.9
132,0.611816761121029,1.5140977586809905,2.7253256753104846,6.35148468064279,0.8066666666666666,,,1.9
133,0.6175309788345826,1.511097526351521,2.68768613914004,6.195835695091616,0.82,,,1.8
134,0.6108132491058544,1.5024654980150312,2.6671823243298185,6.127948396206008,0.7666666666666667,,,1.8
135,0.607820913366235,1.487753476189406,2.664090119938524,6.184317638912489,0.7733333333333333,,,1.9
136,0.6173985135942532,1.5268211121541972,2.7128990186443245,6.23336846160699,0.78,,,1.9
137,0.6195882671833907,1.5108029180489584,2.6884517557202754,6.2198115012022175,0.7666666666666667,,,1.8
138,0.6258176671904988,1.5399575084129715,2.761942634023927,6.427162885116959,0.78,,,2.1
139,0.6241403817843634,1.5312356065074921,2.715342618145579,6.25181947341917,0.7733333333333333,,,2.1
140,0.6170280573602073,1.4925231291002456,2.647785230914867,6.096276820880589,0.7466666666666667,,,1.9
141,0.6017788263761963,1.4593826892558668,2.5882616333359647,5.966251249426271,0.7733333333333333,,,1.9
142,0.614170525779628,1.494207250584171,2.661948564325491,6.159450511773303,0.7733333333333333,,,2.0
143,0.614557405993596,1.511718849197461,2.679911255888598,6.146017165855463,0.7533333333333333,,,1.9
144,0.6078296040818032,1.49523062725316,2.663684722446326,6.150016356034995,0.78,,,2.0
145,0.6131860874763128,1.5027336264822533,2.669012853067675,6.137029559606026,0.78,,,1.9
146,0.6040505670462024,1.4770317137929665,2.6207883643436394,6.032707094285285,0.7533333333333333,,,1.9
147,0.6123017177529534,1.4816273056923497,2.6290663266391734,6.044282348065142,0.7533333333333333,,,1.9
148,0.6012772604022601,1.4663161138273832,2.6244157423832997,6.091134015056432,0.78,,,1.9
149,0.6122409234854238,1.507284776722386,2.6987964954562655,6.272148405616258,0.7733333333333333,,,1.9
150,0.6317130641007225,1.559966372996913,2.7911853495865215,6.466330217067562,0.76,,,1.9
151,0.6107632605952672,1.501385424756458,2.6806056726128125,6.222727101883635,0.7666666666666667,,,1.9
152,0.6050735291599341,1.482303841624757,2.6306832664861086,6.052509429376455,0.76,,,1.9
153,0.62199755469034,1.5218759920086646,2.7073947842886668,6.240549784423276,0.7733333333333333,,,2.2
154,0.6216978707060467,1.5281887546441797,2.731318206428517,6.3288561322836845,0.7533333333333333,,,2.4
155,0.6208162848735739,1.5293609469210339,2.7296257452500994,6.301867701073335,0.7933333333333333,,,2.4
156,0.6083118520931847,1.4891249497999437,2.668592094104214,6.211181990848546,0.7666666666666667,,,2.5
157,0.6043216694057126,1.4868539563879226,2.650798939821466,6.130758425629625,0.7866666666666666,,,2.4
158,0.6048986693825228,1.4820390848898755,2.6367751324727053,6.098041784016891,0.76,,,2.4
159,0.6195888870055266,1.5163219790218605,2.694512539136398,6.215656345436925,0.7866666666666666,,,2.2
160,0.606164672551887,1.493447181208544,2.663697202645162,6.1584523221220175,0.7666666666666667,,,2.5
161,0.6160329951380459,1.5115265534889246,2.6945441167455146,6.222529710056497,0.7933333333333333,,,2.6
162,0.6069091992213269,1.487180237519596,2.6634848744130437,6.1849603069940535,0.7933333333333333,,,2.4
163,0.6079386048985514,1.4879729825591745,2.651646964633122,6.140265749179039,0.76,,,2.3
164,0.6147621536606619,1.510112189583629,2.680409321861367,6.180310325265009,0.78,,,2.4
165,0.607432946517509,1.4839034657427113,2.651009877308577,6.148828693525825,0.7666666666666667,,,2.4
166,0.6049549483259239,1.483555078540156,2.6491801165200504,6.13375687889826,0.7533333333333333,,,2.4
167,0.614988647888545,1.5000038644987648,2.6725264184171214,6.186803403582979,0.7666666666666667,,,2.3
168,0.6097986511185868,1.5032903301721412,2.68142398151298,6.2039400084434355,0.78,,,2.3
169,0.6016561761103748,1.475059276841979,2.6416241712831416,6.145214417539697,0.76,,,2.3
170,0.610327404076222,1.4791110044936042,2.64795497017384,6.158871248121474,0.7866666666666666,,,2.4
171,0.6122040943474595,1.492180413896173,2.651529367550876,6.124687028791195,0.7933333333333333,,,2.3
172,0.6105615062841584,1.486848896393992,2.6539022641343064,6.146613562840114,0.76,,,2.3
173,0.606120359030181,1.489270502213645,2.676997101569088,6.235734630375634,0.8133333333333334,,,2.3
174,0.6181236828752932,1.5207133312071126,2.7248776847206075,6.33843844423248,0.7533333333333333,,,2.2
175,0.615416231671704,1.5121837741334654,2.693562887414089,6.222964285722349,0.7933333333333333,,,2.4
176,0.6280376542252754,1.5472350381023334,2.786768156549508,6.517366193685514,0.7733333333333333,,,2.2
177,0.6149722072971499,1.5008013657894261,2.6770006752044706,6.193079060583647,0.78,,,2.4
178,0.6248020747077644,1.535457893128688,2.7370492668979214,6.333595445182716,0.7933333333333333,,,2.4
179,0.6150062834469933,1.510645703602629,2.701318371771575,6.271868836829316,0.7933333333333333,,,2.3
180,0.612536413580219,1.50263774870035,2.6641991389459294,6.146227430799595,0.7666666666666667,,,2.3
181,0.6030981400110883,1.4821706589948407,2.6500670192873583,6.145471682744003,0.7533333333333333,,,2.3
182,0.6008283988474286,1.475640242152565,2.6550406198838243,6.189996600954022,0.7533333333333333,,,2.3
183,0.5959945731373777,1.452835191827174,2.591659845004479,6.0175229417759155,0.7333333333333333,,,2.4
184,0.6162469514914352,1.4990141086224313,2.669862509001545,6.17509677338753,0.78,,,2.2
185,0.6076962070679715,1.4927127352068543,2.6853750718734704,6.263842646166727,0.7866666666666666,,,2.4
186,0.6087178404755258,1.4849308505584808,2.6501327276991566,6.137052468893353,0.7866666666666666,,,2.3
187,0.6065902148794823,1.4845684457293953,2.6414849898401545,6.0835188050083575,0.7866666666666666,,,2.3
188,0.6174782807750573,1.5175573538315767,2.7174194742228543,6.297269174865916,0.7666666666666667,,,2.3
189,0.596043906418956,1.4433429787729395,2.5568917106730544,5.885072276726936,0.76,,,2.2
190,0.6163484171555528,1.4976026341598796,2.6552037134628192,6.105321079859656,0.7933333333333333,,,2.3
191,0.609632261230935,1.4941445422092294,2.671913554787038,6.2148342341080385,0.7466666666666667,,,2.1
192,0.6125921270828345,1.5116143188166864,2.7137574122399077,6.300585395033964,0.7933333333333333,,,2.3
193,0.6185868255495438,1.517869481979873,2.7164885935938683,6.297078989502489,0.7866666666666666,,,2.4
194,0.6153709339356747,1.5213177623467222,2.7183637802879925,6.287787381540649,0.7733333333333333,,,2.3
195,0.6168547651318675,1.5151025832702074,2.707049363327629,6.280719169130194,0.82,,,2.3
196,0.6132091243346506,1.507104303571983,2.69093000268594,6.232522657389727,0.7466666666666667,,,2.3
197,0.6150093568868632,1.5096178785442111,2.6867772514558848,6.200017223613488,0.7733333333333333,,,2.3
198,0.619097569999289,1.5189634423265248,2.7190368898876494,6.322681486692539,0.7733333333333333,,,2.3
199,0.6011387498426504,1.482176754477618,2.6560745053446215,6.182905334466135,0.7533333333333333,,,2.2
200,0.6056444902150883,1.477658725150646,2.6337987873321684,6.093901304712617,0.7933333333333333,,,2.3
201,0.5968911842917186,1.4546200290801505,2.581923767899408,5.939751369721348,0.7466666666666667,,,2.4
202,0.5952407795849132,1.4530791696417196,2.597418597498341,6.0293953813694525,0.7533333333333333,,,2.3
203,0.6044520627543454,1.4764064934857917,2.6297325095529747,6.079330121944877,0.7533333333333333,,,2.4
204,0.6147959054150862,1.5081615254487541,2.673361316808173,6.133523566194687,0.74,,,2.4
205,0.6166431629545264,1.5252070462008276,2.73367033639428,6.33949490056493,0.7733333333333333,,,2.2
206,0.604401163576719,1.4715055506360109,2.6066668802466992,5.992401681038192,0.7333333333333333,,,2.3
207,0.6210739855684881,1.529904665947363,2.72553525232655,6.284536613593023,0.7933333333333333,,,2.3
208,0.6175414507540421,1.5186831557940708,2.708117869920237,6.2785686460059695,0.7666666666666667,,,2.3
209,0.6028591774005012,1.485056011124701,2.664242327872791,6.199638516335918,0.7666666666666667,,,2.3
210,0.5967383564879782,1.4754471503013666,2.645202949675852,6.156237824167718,0.7533333333333333,,,2.3
211,0.604547700535587,1.4882400498286084,2.657677361359024,6.154122709560616,0.76,,,2.2
212,0.6024545416334135,1.4723704002917264,2.6152656837792136,6.029503298414998,0.7733333333333333,,,2.3
213,0.6111361472038784,1.4878744778085973,2.649700780389609,6.122574364991953,0.7733333333333333,,,2.4
214,0.6070337382529228,1.4689861486732434,2.6154348514591903,6.053345471802704,0.76,,,2.2
215,0.6189270418647677,1.5301814185486808,2.733053186994026,6.312172939078902,0.7733333333333333,,,2.3
216,0.6056237936276045,1.4884446221154712,2.6521341293866394,6.126711567477139,0.7933333333333333,,,2.3
217,0.6163522583461409,1.5020262409047473,2.6862246886439296,6.240424986908972,0.7533333333333333,,,2.4
218,0.6042598064124698,1.4758506450104945,2.6156860538314897,5.99513211607033,0.7466666666666667,,,2.4
219,0.6061793960451678,1.4940907793663072,2.6741057111394007,6.20258697243235,0.7733333333333333,,,2.3
220,0.6095537870657053,1.487300325872101,2.6400306885392486,6.080443007792189,0.7733333333333333,,,2.3
221,0.6021500403055342,1.4600225908138582,2.5996413873174244,6.0026995145198025,0.7733333333333333,,,2.3
222,0.6013434814482416,1.4607717019297457,2.6040787981998914,6.018651267793206,0.76,,,2.3
223,0.6067290309215085,1.4896375909655317,2.6632501140830476,6.167492911284795,0.74,,,2.3
224,0.6275009831055268,1.5251798510032082,2.7087402899737665,6.261166252074418,0.8133333333333334,,,2.3
225,0.6092089837969239,1.4974923598343697,2.6870524272655727,6.264529178274726,0.8066666666666666,,,2.3
226,0.6239143101949729,1.5300796385786841,2.731493574253249,6.328102415520357,0.7666666666666667,,,2.3
227,0.6154983364839413,1.5109802398924148,2.7045706596642107,6.274588031221092,0.7866666666666666,,,2.2
228,0.6044614577389528,1.4743709174593516,2.6188292492564846,6.03404091450759,0.7933333333333333,,,2.5
229,0.610161804446338,1.4916014911896218,2.671254278013871,6.213261478433031,0.7933333333333333,,,2.1
230,0.6193671645998212,1.5234445585863208,2.7149533295156205,6.2761392383892405,0.76,,,2.3
231,0.6098632070431106,1.4910729972668606,2.654897599547943,6.140001947872121,0.7733333333333333,,,2.4
232,0.6079135397988248,1.5014641709638568,2.6769934472959713,6.193336921257724,0.7666666666666667,,,2.3
233,0.6064297695225701,1.4674852161790122,2.605779252707953,6.012350149155434,0.7533333333333333,,,2.4
234,0.6050449535631744,1.4866649656248703,2.678614379521545,6.25999396526235,0.76,,,2.3
235,0.6203966962278844,1.5332846186619573,2.7313162527504975,6.2910966619111806,0.78,,,2.2
236,0.6070226700855382,1.4896715553980344,2.6585517183712826,6.144808911247328,0.7666666666666667,,,2.4
237,0.6198492538963516,1.518138593895676,2.6944540477445957,6.1988075654104025,0.7333333333333333,,,2.3
238,0.6122555598093936,1.4954247827963865,2.67094461072632,6.186634829802305,0.78,,,2.3
239,0.6087855392998167,1.48252313749189,2.633160862534945,6.081076684034366,0.7466666666666667,,,2.4
240,0.6014362322321661,1.4810541229814225,2.653081405353423,6.161759605205138,0.7733333333333333,,,2.4
241,0.6109852702748648,1.480202685104217,2.6303759765504835,6.062770960801539,0.7666666666666667,,,2.3
242,0.5993320480145998,1.4740263917285115,2.6397444456477976,6.130259669329827,0.8,,,2.2
243,0.599562377267643,1.4748568610876338,2.6393928200662473,6.1034497702281225,0.74,,,2.4
244,0.5973111257821758,1.4540138786276442,2.5940193818681125,6.012242525334613,0.76,,,2.2
245,0.6106471035206866,1.4979267911254013,2.6819039660308515,6.2259187768532644,0.78,,,2.4
246,0.6174313725594046,1.5282005987198017,2.7321187180909092,6.319219551490213,0.7466666666666667,,,2.3
247,0.5942708005700559,1.4613290073702672,2.594380407859985,5.965138195764919,0.7733333333333333,,,2.3
248,0.615515479212076,1.4976761419132534,2.666538255614183,6.169753949178861,0.7733333333333333,,,2.3
249,0.6181105034036821,1.5075967978404434,2.696682190244363,6.265303580464665,0.76,,,2.3
250,0.6268716854584636,1.5219763230983523,2.7054148123232107,6.237017350714665,0.78,,,2.3
251,0.6256969625233495,1.5266291068349833,2.731145921288246,6.345391791799926,0.7666666666666667,,,2.4
252,0.6218640464173171,1.5122818508268014,2.6835161499802065,6.180165606123339,0.7533333333333333,,,2.3
253,0.6199760182121683,1.5168320324223217,2.695444964932091,6.209081544229055,0.7933333333333333,,,2.4
254,0.6057610929957976,1.47840955904749,2.6362052884305442,6.09621324783198,0.78,,,2.4
255,0.6283589321063533,1.5510701711827364,2.769198625040391,6.39326639180966,0.7466666666666667,,,2.4
256,0.6017163630917028,1.473908506990151,2.618369721197784,6.014637047798262,0.7733333333333333,,,2.4
257,0.5985477716959965,1.471742165979531,2.6369998840289495,6.109485818653455,0.7333333333333333,,,2.3
258,0.6054358168120938,1.482648163439144,2.645868350016568,6.126615919867324,0.7533333333333333,,,2.4
259,0.6046005975884401,1.4815595796973051,2.6443122757874082,6.107010997549855,0.8066666666666666,,,2.3
260,0.6041644363697878,1.4792290703305464,2.6422784536166013,6.123178240481224,0.78,,,2.4
261,0.6156079444844131,1.5183345352217898,2.717653207498741,6.287807528304646,0.8,,,2.4
262,0.6185038992570138,1.5148440737795221,2.6976456915731757,6.214514010006774,0.8133333333333334,,,2.4
263,0.617534216878989,1.5164312607512997,2.6985148248501916,6.208879152463827,0.7733333333333333,,,2.4
264,0.6172054268542743,1.52023558825333,2.7256121147486003,6.333471172819188,0.8066666666666666,,,2.4
265,0.6116946393412943,1.482384022398201,2.634653168631944,6.0880389451681705,0.7933333333333333,,,2.3
266,0.5999689531375534,1.468784646595678,2.6247952306045277,6.094046867286144,0.7866666666666666,,,2.4
267,0.6088393905882755,1.4989756488865926,2.694065276899803,6.271011959449291,0.7666666666666667,,,2.2
268,0.6134734377412473,1.492298982467012,2.65935202807217,6.139322961711198,0.7933333333333333,,,2.4
269,0.6121003620668093,1.5035405577128764,2.6834029612325936,6.217534268993996,0.7666666666666667,,,2.4
270,0.596923387231282,1.4725042788233964,2.6146536698709646,6.013075446697854,0.7733333333333333,,,2.5
271,0.6248952859180743,1.5473890931221657,2.7704581874964176,6.422637929799169,0.7933333333333333,,,2.4
272,0.6156342779497059,1.5035010363878845,2.6650199536750945,6.140148445633067,0.7466666666666667,,,2.4
273,0.6101907116166935,1.4788869281460557,2.625635500217486,6.043900303706379,0.76,,,2.4
274,0.6143564576110413,1.5027502652689315,2.66507710376646,6.127013420657108,0.7733333333333333,,,2.3
275,0.6143688134341315,1.5249728710615982,2.7394884037547045,6.372797878502767,0.7866666666666666,,,2.5
276,0.609420675810488,1.4986741350452544,2.6842585266222625,6.235604363692963,0.76,,,2.4
277,0.6168412818047364,1.5132902164011293,2.6950377518768116,6.224012715239849,0.78,,,2.3
278,0.6052570083499229,1.4855442326936383,2.645169493061203,6.0858282247236515,0.72,,,2.4
279,0.6083678697121526,1.501007525398819,2.6743657959876197,6.176008230165689,0.7866666666666666,,,2.4
280,0.6040157141511465,1.4828713664322004,2.643887385760914,6.114603935947519,0.7733333333333333,,,2.3
281,0.6228742403669036,1.5282976322886341,2.730338354601364,6.319635345168408,0.7733333333333333,,,2.5
282,0.6107990496091305,1.488608284036547,2.6457794382105977,6.0914266178630285,0.7333333333333333,,,2.2
283,0.6199125545412005,1.5232696618950046,2.7048454996618645,6.220556176445364,0.7933333333333333,,,2.4
284,0.599316103090847,1.4778420852669107,2.632819313477331,6.076289839202379,0.7466666666666667,,,2.3
285,0.6173241482751023,1.5158714322883495,2.7085606778543365,6.270644356017663,0.7866666666666666,,,2.4
286,0.6087581278221474,1.4920319582657149,2.6437931603231664,6.071649594354441,0.7466666666666667,,,2.3
287,0.6109671133345586,1.5035231835329412,2.688124203385694,6.214452751652202,0.76,,,2.4
288,0.627931171210844,1.539768895387816,2.7567140790145745,6.397509277547223,0.78,,,2.4
289,0.6167982656384156,1.5076584640602426,2.6968916793222184,6.253645767444124,0.7933333333333333,,,2.3
290,0.6056604677115549,1.4775521333132962,2.6180190959708733,6.0141429341603745,0.76,,,2.4
291,0.6047267135941005,1.494169220967125,2.674597067028024,6.205034671152095,0.7733333333333333,,,2.4
292,0.6079439667955557,1.4630926855760915,2.5741708504019245,5.902892162732149,0.7466666666666667,,,2.4
293,0.6129522124497429,1.5072891043916425,2.681921632422076,6.201025143076872,0.74,,,2.5
294,0.6219359181461221,1.5396370120460139,2.7623148243199376,6.4120460883224455,0.7866666666666666,,,2.4
295,0.6027833250870112,1.489049180671412,2.657964361795657,6.158615758197608,0.7866666666666666,,,2.2
296,0.6172533866351056,1.500212053422054,2.664639814237812,6.165304102490637,0.7933333333333333,,,2.4
297,0.5981012198711926,1.4646522561796849,2.642609980637951,6.188598244488935,0.8066666666666666,,,2.3
298,0.6123305038791422,1.5132569819635457,2.6980096830016977,6.229872407905965,0.7666666666666667,,,2.5
299,0.6127821928258891,1.5052205514319787,2.689035569278508,6.21137467030561,0.7733333333333333,,,2.4
300,0.6129431551543493,1.4920194007003793,2.6490652189842465,6.1139739717127535,0.7666666666666667,,,2.4
301,0.6155878985953767,1.5158531069036814,2.700109824473693,6.226499220527306,0.7666666666666667,,,2.4
302,0.6290546184396361,1.5407270972066662,2.7662666789022397,6.44821949070319,0.78,,,2.4
303,0.6093723568707203,1.492857787788543,2.6778996358885148,6.227882918237093,0.78,,,2.3
304,0.6117994847823024,1.497137482470037,2.661575790279497,6.137283874935946,0.74,,,2.3
305,0.6139147984141267,1.4952370341436076,2.6685013618367197,6.187907068305147,0.7866666666666666,,,2.3
306,0.6130520046680903,1.4975381861356276,2.667861516092776,6.169049152490129,0.7333333333333333,,,2.4
307,0.6193253545582756,1.5218178833884384,2.7140137111474694,6.272139375557591,0.76,,,2.3
308,0.6118928941454511,1.4945586444534187,2.6601100601356937,6.135327870498151,0.78,,,2.4
309,0.6095035618324081,1.5020458957236247,2.6886389765106005,6.234161392345204,0.8133333333333334,,,2.6
310,0.6067196600038955,1.4859624809865333,2.657518701664015,6.1820668946644055,0.7733333333333333,,,2.2
311,0.6118789640582306,1.4962392109248916,2.660284235362602,6.138471662559555,0.78,,,2.4
312,0.5968488522737719,1.4417812841681343,2.5581429008091376,5.902335810855218,0.7333333333333333,,,2.3
313,0.6149841034957554,1.5229646516899549,2.721821602242486,6.304889429135562,0.7733333333333333,,,2.4
314,0.6241848482557129,1.5229232698493418,2.716052653743893,6.290513483534088,0.78,,,2.4
315,0.6090428330678992,1.4902207011486148,2.6631244814072677,6.183317964547,0.7533333333333333,,,2.3
316,0.61422817245275,1.4955345568324214,2.65718602776368,6.133468768260174,0.74,,,2.4
317,0.6113567411385431,1.492275389465978,2.6644473934241457,6.177253510358926,0.7866666666666666,,,2.4
318,0.6083388776524795,1.4963329646414074,2.665617407588819,6.145493754028105,0.8066666666666666,,,2.2
319,0.6254527137146482,1.5341900256612744,2.730013335259529,6.30714729813049,0.7466666666666667,,,2.2
320,0.6100947278085019,1.4799000287131585,2.634077654539808,6.104907558095626,0.7133333333333334,,,2.4
321,0.6106302641921353,1.4919520619521878,2.6659902686863033,6.179377048163068,0.7733333333333333,,,2.3
322,0.6097864336998341,1.5082798738976209,2.702125827069174,6.2653700939301435,0.8066666666666666,,,2.3
323,0.6085801107490341,1.4958933740414637,2.654571131610913,6.104626625577434,0.76,,,2.3
324,0.6067275424895605,1.4832754098059764,2.6472574729125267,6.151095780110963,0.7533333333333333,,,2.3
325,0.6098255696840997,1.4950083207661555,2.679851922531579,6.228745948596624,0.7533333333333333,,,2.3
326,0.6230417143031254,1.5119077205670528,2.684963669302214,6.190554151361074,0.7866666666666666,,,2.5
327,0.6067706697615669,1.4721362945085756,2.6156874275740734,6.02465049290492,0.7133333333333334,,,2.2
328,0.6030499921887673,1.4700220133990078,2.609381420243576,6.009281012951905,0.8,,,2.4
329,0.606003703378605,1.4800456584204156,2.649484874590301,6.158109988263931,0.7933333333333333,,,2.5
330,0.6186106212286556,1.5235237838281193,2.7206054312805548,6.302008907914134,0.7733333333333333,,,2.3
331,0.5951622081741,1.4642867667125028,2.6156050562250655,6.046852199669036,0.78,,,2.5
332,0.6097138571078886,1.487830999850364,2.6590662943879977,6.170928656116457,0.7533333333333333,,,2.4
333,0.6111276464095506,1.505621251969979,2.6832152739018267,6.189028351553844,0.8,,,2.3
334,0.5982767401951326,1.4590457153063388,2.606578371350649,6.040653307287191,0.7666666666666667,,,2.5
335,0.6095582195929179,1.4999848725576412,2.6904313524347385,6.26644954113329,0.7466666666666667,,,2.3
336,0.6228068724900839,1.533849104123935,2.75431427862905,6.41878405897842,0.7666666666666667,,,2.4
337,0.6112489317224307,1.5040392469056645,2.6944808104539373,6.252560406363358,0.7733333333333333,,,2.5
338,0.6156255127848912,1.509682248796285,2.681248538404036,6.181494975327142,0.76,,,2.4
339,0.6132238845679353,1.4878243778634221,2.6551323878697595,6.151829241677344,0.78,,,2.5
340,0.613334649058103,1.5119646213158393,2.6910006316381176,6.202017175246377,0.7866666666666666,,,2.2
341,0.6006586357745244,1.465443460669752,2.608755081649542,6.021226396720214,0.76,,,2.3
342,0.6017388597928639,1.4749757496952185,2.6314555568186346,6.082827755365292,0.7466666666666667,,,2.2
343,0.6085102971544025,1.4800216680197875,2.6275093044597937,6.068740463319591,0.7533333333333333,,,2.4
344,0.6044648493061636,1.4911424193649403,2.6616834471074777,6.145886269626883,0.8,,,2.4
345,0.6004959151434845,1.4787659956785053,2.636432446798531,6.097833379368832,0.7733333333333333,,,2.4
346,0.6095725223310284,1.480628996019748,2.618827553931719,6.018287296547686,0.7333333333333333,,,2.5
347,0.6081008998856674,1.5028272068323962,2.693127488234821,6.255093176831632,0.7466666666666667,,,2.4
348,0.5971836216464772,1.4528344051033861,2.581157408476949,5.943889919850658,0.7533333333333333,,,2.4
349,0.6250711789512094,1.5361046171033828,2.7330805606484225,6.30871347476622,0.7666666666666667,,,2.5
350,0.6146690077230732,1.5124166594727309,2.708881254708653,6.295139702923465,0.78,,,2.3
351,0.6084392709352162,1.5084804974270212,2.718812592624771,6.3552663729062155,0.7533333333333333,,,2.4
352,0.6211006852991775,1.5151163092646007,2.7174357957530515,6.319489419714255,0.7533333333333333,,,2.4
353,0.6025864733267408,1.469325519466137,2.600790566441778,5.969272592150125,0.7666666666666667,,,2.5
354,0.6209975111265118,1.5266137767220176,2.7159701159576413,6.266097747782999,0.7333333333333333,,,2.4
355,0.6091853237821173,1.4950671827478248,2.681700840809487,6.250364422086236,0.7866666666666666,,,2.3
356,0.6184970642012992,1.5216105779575306,2.7134753512670846,6.283131566462081,0.7533333333333333,,,2.3
357,0.6126607895316488,1.4941741511869175,2.6631778091785616,6.158116494590656,0.78,,,2.2
358,0.6120072848347924,1.4956575573381736,2.6630534544852336,6.153528082014406,0.7866666666666666,,,2.3
359,0.617030565059971,1.511499526556361,2.696437997752699,6.23002397613058,0.7733333333333333,,,2.3
360,0.611578189703359,1.4910075943276635,2.661136894757034,6.157701443705734,0.7666666666666667,,,2.4
361,0.6128513735126524,1.5012607699448006,2.6895700231980064,6.24450320484327,0.7666666666666667,,,2.3
362,0.6166039815103134,1.497319636491951,2.6533096569821844,6.10575336603807,0.76,,,2.3
363,0.6092890530521371,1.4887578978163876,2.659476819742171,6.1573707497825945,0.7933333333333333,,,2.3
364,0.6203141421110504,1.5239123125502363,2.714872286759159,6.274823028756784,0.8066666666666666,,,2.4
365,0.6321169027593314,1.5359747651912639,2.7471882686623803,6.389177807331111,0.8066666666666666,,,2.3
366,0.6247618750689338,1.5496888352846736,2.776263367403473,6.4473155854511734,0.7533333333333333,,,2.4
367,0.6043533173030972,1.4820649858511956,2.648545184000543,6.125971841162291,0.78,,,2.3
368,0.608569323111416,1.4812886669822536,2.6401824690851563,6.1269132775103765,0.7733333333333333,,,2.4
369,0.6006594286139358,1.4809583178802381,2.640000805970747,6.113201233351209,0.7266666666666667,,,2.3
370,0.623973166800451,1.5248286610600974,2.7243137393828496,6.320350119444583,0.7533333333333333,,,2.3
371,0.6098319201172003,1.4863105020139635,2.64389090453675,6.089758818265239,0.78,,,2.3
372,0.6171496927201351,1.5146749870533496,2.700441485979809,6.250424975522228,0.7866666666666666,,,2.3
373,0.5992454939363316,1.4643285034417126,2.604323499408321,6.0195160117772835,0.7666666666666667,,,2.5
374,0.6205308452827597,1.506691843322105,2.689822644733461,6.250434016657911,0.7733333333333333,,,2.4
375,0.6100321931284207,1.4888301239533444,2.6411585111385163,6.070036418018666,0.7466666666666667,,,2.4
376,0.6011599322983161,1.5037186415127752,2.7120277373613146,6.320866975489863,0.8,,,2.4
377,0.6158846997147529,1.5043915047881846,2.6804052253618043,6.2045911303645065,0.7733333333333333,,,2.4
378,0.6032884111176082,1.4810253456620013,2.635868466254673,6.0853785295118605,0.7733333333333333,,,2.2
379,0.6107683398873197,1.4963351339431725,2.6806410908927933,6.220589106368487,0.8,,,2.5
380,0.6029484591556239,1.4718563575965773,2.6236418512999458,6.066969038691278,0.7466666666666667,,,2.2
381,0.6197441084310173,1.5211900743606297,2.7283849952260666,6.343607613738956,0.7733333333333333,,,2.3
382,0.6313946937162581,1.5540566208236433,2.763191326721237,6.383127094886646,0.7533333333333333,,,2.4
383,0.5962773377334082,1.4616075465581913,2.6124858707028724,6.069368549982572,0.7733333333333333,,,2.4
384,0.6193351912895037,1.5310220670372667,2.739577571765219,6.335272632572508,0.7733333333333333,,,2.4
385,0.616276786221171,1.5085510689655754,2.684928577670853,6.189031880690043,0.7466666666666667,,,2.4
386,0.599021557945817,1.4774107944151011,2.6579376939600268,6.180883795421598,0.74,,,2.3
387,0.6111268664987755,1.5032766641777124,2.6773360704195004,6.161959099885304,0.7666666666666667,,,2.3
388,0.6011814065305295,1.4561303645144934,2.5937848964514454,6.009064496821072,0.78,,,2.4
389,0.6157147128286301,1.5093309208094383,2.6904435852363378,6.235787108826209,0.74,,,2.4
390,0.6202370160565819,1.5406573707867486,2.762507441913768,6.403688926212961,0.78,,,2.3
391,0.6012162156947775,1.4410100410956368,2.54127008299738,5.816880829845747,0.74,,,2.5
392,0.6174961677197077,1.4946061634659336,2.6644161373445856,6.181592894124854,0.7333333333333333,,,2.3
393,0.6001364037539457,1.4678445917714598,2.629632503237256,6.118415013999845,0.7733333333333333,,,2.3
394,0.6197939553489303,1.5083657001171098,2.6823601508066215,6.185778305203062,0.74,,,2.4
395,0.6030424225474381,1.47528709559787,2.618931932806985,6.047252531422845,0.7533333333333333,,,2.2
396,0.6115264927729881,1.4895498724891347,2.654922031842165,6.137714439039104,0.7666666666666667,,,2.4
397,0.6096136849153566,1.5043229755000356,2.679181410618512,6.176554216751725,0.76,,,2.3
398,0.6155903016886302,1.5048411224981726,2.672386930411435,6.159765843749893,0.76,,,2.4
399,0.6086606120610922,1.506617556888069,2.7115139047323487,6.338454127021891,0.8066666666666666,,,2.3
400,0.6219952642808342,1.524413575847105,2.731720601336904,6.350074894764339,0.8,,,2.3
401,0.6186632586966122,1.5203308670607305,2.703450333150751,6.241055982268434,0.7733333333333333,,,2.3
402,0.6052207281360131,1.4824727716499246,2.657134818318184,6.173724316734893,0.78,,,2.3
403,0.6083518191040309,1.4912384573169246,2.655243396546542,6.131141363033791,0.7866666666666666,,,2.3
404,0.6031176865609286,1.469784230428252,2.6273442017271016,6.090736314624302,0.7866666666666666,,,2.4
405,0.6194039775519269,1.5102547850257892,2.6957868057496657,6.250754856801922,0.7866666666666666,,,2.5
406,0.6144229484354585,1.5101360616772919,2.6825840164229415,6.178561065809868,0.76,,,2.4
407,0.6185407015570392,1.515626447929729,2.6998162466638735,6.237780795729802,0.7466666666666667,,,2.3
408,0.6082035924295154,1.4973281524666058,2.686811638077913,6.249641376334926,0.7866666666666666,,,2.3
409,0.6168072412567877,1.5111034067111757,2.7050057342036857,6.278211328883902,0.7533333333333333,,,2.4
410,0.6276715030300454,1.5365800123898832,2.7204227434458965,6.250073894185667,0.7866666666666666,,,2.2
411,0.6024772364718632,1.465910015708149,2.629858927514622,6.138412903372884,0.7733333333333333,,,2.4
412,0.6035186548092778,1.474287621372453,2.6337160712926266,6.104879944393653,0.8,,,2.4
413,0.6204543815718605,1.5265979687990234,2.7343811093434547,6.35342244860623,0.8,,,2.4
414,0.6161871237498974,1.5177527372300972,2.7109278004696025,6.282087224892631,0.7933333333333333,,,2.4
415,0.609196605895375,1.5016609072184948,2.680750208229319,6.193535179585408,0.78,,,2.4
416,0.608646520532182,1.4914160472384985,2.65962090305993,6.169088042508447,0.7666666666666667,,,2.3
417,0.60277003033598,1.4824290092610208,2.64905449410086,6.137869291818258,0.7666666666666667,,,2.4
418,0.622017294843246,1.5260394934581094,2.717929637018776,6.271926267615012,0.76,,,2.2
419,0.6147499394086555,1.5111439669046371,2.698268917014963,6.234561288921832,0.8,,,2.3
420,0.6105534056209344,1.4931045119950097,2.6716040456891945,6.20158685035217,0.76,,,2.3
421,0.6134043531009492,1.4993649095043358,2.6847185671067395,6.244185030627898,0.78,,,2.3
422,0.6154494318560441,1.5080255620910785,2.6826540518105473,6.191276520475403,0.76,,,2.4
423,0.6253338944856841,1.5334862944065049,2.7320821152780788,6.309188088189885,0.76,,,2.3
424,0.6023177310420734,1.4848362527303394,2.665794059344316,6.206903012572931,0.7466666666666667,,,2.3
425,0.5941930608180687,1.4536698399080146,2.601201912968764,6.032956772873171,0.7666666666666667,,,2.3
426,0.6090832650294434,1.493795026923837,2.6721099338332626,6.204151273229738,0.7933333333333333,,,2.3
427,0.5990317118628945,1.4724471167293431,2.619537956338115,6.046368180103529,0.7733333333333333,,,2.5
428,0.618953033000842,1.505121982552192,2.6809387069386488,6.205955712403313,0.7733333333333333,,,2.3
429,0.6110602894928856,1.4876381775435743,2.6498956662636246,6.127808573658593,0.76,,,2.4
430,0.6146276294265198,1.520729494937374,2.719548808907156,6.295965070979445,0.7666666666666667,,,2.4
431,0.6087576047893186,1.492061182565504,2.6522184003133242,6.121517807162236,0.7666666666666667,,,2.2
432,0.617560281996328,1.5294095244752102,2.7480571306585757,6.3965345128116065,0.78,,,2.5
433,0.6165895649324304,1.5020761676628887,2.6916488458210543,6.266314806829901,0.7666666666666667,,,2.1
434,0.6196167546886077,1.510807990662677,2.6984636286006487,6.252638413999476,0.76,,,2.3
435,0.6101659152161586,1.495030503112781,2.692876798374846,6.298288863938271,0.8,,,2.4
436,0.6058368362999809,1.4889319322432517,2.6686958708983357,6.1922856351862166,0.7866666666666666,,,2.3
437,0.6078525449367082,1.4835957786910767,2.630873311594311,6.052103326999012,0.7733333333333333,,,2.3
438,0.6042665156256724,1.468076234216412,2.6099486381022228,6.00880133517183,0.7733333333333333,,,2.3
439,0.6223105562590031,1.5232380044158729,2.7207390716041635,6.30525060711616,0.8,,,2.3
440,0.6196518134763339,1.5147316952067535,2.692012335772598,6.216380339193749,0.7533333333333333,,,2.3
441,0.6076888108236479,1.4940490417032148,2.6539141055284,6.121261447184745,0.7333333333333333,,,2.3
442,0.613277341945478,1.515956111521774,2.695647861200413,6.200111983440027,0.7866666666666666,,,2.3
443,0.6025025739484549,1.478677383775181,2.629530663458125,6.0572940303800245,0.7666666666666667,,,2.3
444,0.6073387399663083,1.4991863505859968,2.690504839056434,6.2617692466537545,0.7666666666666667,,,2.4
445,0.6148506818782927,1.5180756009169514,2.719597908396311,6.320228635193842,0.7933333333333333,,,2.3
446,0.6138263343077588,1.5157643870774082,2.709228066439458,6.2816957376861975,0.7666666666666667,,,2.3
447,0.6089224098946157,1.5096559037627237,2.6949896777283664,6.232011507967402,0.7533333333333333,,,2.4
448,0.6011503462359153,1.4754770685115106,2.6395572770628544,6.1125550310374726,0.78,,,2.3
449,0.6130788250521081,1.5016067077291086,2.678480036386288,6.201947511730037,0.7666666666666667,,,2.4
450,0.6037719949163729,1.4962264626468609,2.699928277378984,6.31202409426898,0.7866666666666666,,,2.3
451,0.6140027482505133,1.5012366810208315,2.6868315801151037,6.228085196294033,0.78,,,2.5
452,0.6135634653772469,1.501948586533113,2.6835346522830097,6.211858668259639,0.7866666666666666,,,2.4
453,0.6054333043302155,1.5046602553708028,2.703661701881946,6.276946233860755,0.7666666666666667,,,2.3
454,0.6094403163649108,1.472695182814685,2.6085278061087562,5.99962569477653,0.7533333333333333,,,2.2
455,0.6114647483976214,1.493795744927949,2.6618621801768425,6.14424631989115,0.7733333333333333,,,2.4
456,0.6089496747203559,1.4680437645868485,2.607178977137496,6.025185942798624,0.7466666666666667,,,2.2
457,0.6024028360196486,1.4709328024189547,2.6203315136035927,6.053402928056866,0.78,,,2.3
458,0.6124317616832894,1.5064222867205184,2.688977442958755,6.222931989323838,0.78,,,2.3
459,0.6104860924911641,1.503331517722157,2.6826096733818368,6.221149886218802,0.7866666666666666,,,2.4
460,0.6108377747097066,1.4995535890756633,2.688533158396892,6.24285148653175,0.7666666666666667,,,2.4
461,0.6194132787271989,1.5140882889159732,2.7014702853681465,6.259246133673476,0.7733333333333333,,,2.4
462,0.6204507235887998,1.5062216129198798,2.651497994351975,6.054685644759657,0.76,,,2.3
463,0.5964423083632293,1.4625851960374365,2.617203096176263,6.06979012678401,0.7733333333333333,,,2.3
464,0.5998475841701644,1.4897607077909936,2.6756315457996833,6.225592028062947,0.7866666666666666,,,2.4
465,0.6226158532467775,1.5268761140890443,2.7328784486588855,6.34705574627767,0.8,,,2.4
466,0.6051974681643942,1.4876675555736343,2.6555450843774633,6.149393699433665,0.7666666666666667,,,2.4
467,0.6234252284385826,1.5278020161012162,2.737262554470935,6.3695092502665664,0.82,,,2.5
468,0.6050942025096478,1.4922288675574906,2.6588865024078,6.144424217014811,0.7333333333333333,,,2.4
469,0.6132263248904973,1.5027201648523887,2.6838387668271775,6.2313310734698675,0.7333333333333333,,,2.3
470,0.6128009309431199,1.494764797200706,2.652875778838408,6.097571366338692,0.7466666666666667,,,2.4
471,0.6091407815090706,1.5045347783480703,2.7096725769677126,6.32140527407394,0.78,,,2.3
472,0.606473806148227,1.4906193291165524,2.6606370922070894,6.1537743209189495,0.7666666666666667,,,2.3
473,0.6183939516171866,1.498599123610571,2.6540202602462393,6.123621288177483,0.78,,,2.3
474,0.6231208878463755,1.511832613054981,2.67317042466031,6.147347846047326,0.78,,,2.4
475,0.6102625257541832,1.4941379246458144,2.6629612313658493,6.142915023522658,0.7666666666666667,,,2.2
476,0.620430015902091,1.5268257936423364,2.7131421641031737,6.251059318687525,0.7666666666666667,,,2.4
477,0.6224849188335597,1.5184595995961279,2.6756304398356425,6.110214792146228,0.7533333333333333,,,2.3
478,0.6098778692907706,1.5093245021917396,2.709253028874365,6.298109024780918,0.7666666666666667,,,2.4
479,0.607731994573603,1.4768472334828402,2.6207859685569033,6.035237361437533,0.76,,,2.2
480,0.6109329617381405,1.5094468895061637,2.712492543763412,6.3115792470094565,0.7733333333333333,,,2.4
481,0.6036872247219041,1.4703996031383144,2.616683876268145,6.036516692450025,0.7666666666666667,,,2.3
482,0.5941956927239402,1.455431652277701,2.6136749858036934,6.08474449228095,0.8133333333333334,,,2.4
483,0.6156671029686814,1.5178106404096274,2.729834286940135,6.3602562997998895,0.82,,,2.4
484,0.6206850342540592,1.5297510297995618,2.726631428358159,6.301405337368872,0.78,,,2.3
485,0.6022614187020555,1.482434139261466,2.62246996624995,6.004782500320668,0.7466666666666667,,,2.4
486,0.6073314158021416,1.4882218515576975,2.6618978561550035,6.176728036981881,0.76,,,2.3
487,0.6179466398130916,1.5208960372563767,2.715763947606455,6.278689916917521,0.7733333333333333,,,2.3
488,0.6038837762414412,1.4691681395592555,2.6154472946429657,6.044174002418149,0.76,,,2.4
489,0.6058203356831728,1.4800539972334115,2.6316615441605826,6.0802306077921005,0.7533333333333333,,,2.4
490,0.6245339589151535,1.530306233518728,2.7340914128626914,6.3394285723512835,0.78,,,2.3
491,0.606696304531152,1.4857854825929804,2.637466445462246,6.0664143802924215,0.7333333333333333,,,2.3
492,0.6155641447170491,1.5169869256174844,2.709545725619121,6.260620425020764,0.78,,,2.1
493,0.6033660672209186,1.4909829514229853,2.6565223043948194,6.11740365965076,0.7266666666666667,,,2.4
494,0.6123573753845933,1.5051685739709608,2.6786499034246956,6.1740131463167724,0.7533333333333333,,,2.2
495,0.6124497803784027,1.5212144847883062,2.7272859314429345,6.314612869970677,0.76,,,2.2
496,0.6072931318001578,1.4898163820429655,2.6751485007383593,6.226727847461764,0.7533333333333333,,,2.3
497,0.6039376597943281,1.4816257055814348,2.6491984600962444,6.133438468572134,0.7533333333333333,,,2.4
498,0.612572250710745,1.489484440548456,2.645469278467677,6.113271770700285,0.7466666666666667,,,2.3
499,0.6064889724203971,1.481506734242976,2.6535441375297903,6.158986432384205,0.76,,,2.4
500,0.6139132792597977,1.507662399343308,2.6901369572712306,6.208893755977743,0.7733333333333333,,,2.3
501,0.6212787423096606,1.5187479650554796,2.7126948663943224,6.297250978665548,0.76,,,2.3
502,0.6091848032005273,1.4973022266143672,2.702150688179205,6.334611531090033,0.7733333333333333,,,2.3
503,0.6244095097051054,1.5346530628504178,2.7425686113943484,6.3566299267099104,0.7933333333333333,,,2.5
504,0.6222390008168734,1.5300442703277963,2.741222138330643,6.3741391847569036,0.7866666666666666,,,2.5
505,0.6207114629479485,1.5268310252859632,2.735622598004513,6.35073441430572,0.8,,,3.0
506,0.6131042855119743,1.5126980468620088,2.707691743122094,6.28767252698896,0.7933333333333333,,,2.4
507,0.6162281473833597,1.5162297241864462,2.6981327638270263,6.235550239570617,0.72,,,2.4
508,0.6093948020907576,1.4904225901537953,2.6588840254823154,6.139773563676175,0.7466666666666667,,,2.4
509,0.6154177173630382,1.5190427393884627,2.733414766155165,6.364708781776561,0.82,,,2.3
510,0.6155437494719307,1.4917668813286495,2.6483109548437604,6.102380597603628,0.74,,,2.3
511,0.5989574799836878,1.4533502078887504,2.571281435834426,5.900297024255676,0.7533333333333333,,,2.3
512,0.6216924804810415,1.5196751053227207,2.6924064034390356,6.18285678022867,0.7666666666666667,,,2.4
513,0.6165009648857749,1.5263269003729123,2.742387384264964,6.388586852304655,0.7733333333333333,,,3.0
514,0.6078402351414265,1.4957111176280706,2.662271002892844,6.147721498895911,0.7733333333333333,,,2.3
515,0.6100465625169236,1.4929629450496116,2.6709940317755603,6.188036147411008,0.7533333333333333,,,2.3
516,0.6217048085302243,1.5287376356604903,2.7207803318108432,6.280412476568738,0.78,,,2.5
517,0.627734506826421,1.5282233123314848,2.725487493552308,6.305933652972984,0.7533333333333333,,,2.4
518,0.6163731883172148,1.516016714931031,2.6993009728496578,6.236119726486293,0.8,,,2.5
519,0.6263172723819237,1.5523383152244186,2.7719575651457316,6.421111919117635,0.7866666666666666,,,2.4
520,0.6082062691152408,1.4881861427234977,2.658507259506808,6.155391801936981,0.76,,,2.3
521,0.5986813691230876,1.470282686312217,2.6200239207418536,6.051736377369551,0.7533333333333333,,,2.4
522,0.6180107255265651,1.525148329564907,2.7271641221485785,6.31582659894354,0.7666666666666667,,,2.4
523,0.6052105561281286,1.4868546045746813,2.6499792300507017,6.129797035647147,0.7666666666666667,,,2.3
524,0.61257550268601,1.4966235842426898,2.656362527712917,6.109775473777634,0.7466666666666667,,,2.4
525,0.6146135524315344,1.5070205982829872,2.697274069104327,6.268734882906161,0.7733333333333333,,,2.3
526,0.6167144619660972,1.5181590782431154,2.7164436784497026,6.303991068934611,0.7466666666666667,,,2.4
527,0.6011686136945601,1.4876104617782528,2.6527419422578773,6.1233040493756095,0.7733333333333333,,,2.4
528,0.6164255562802603,1.5132757630247602,2.696394535649292,6.22481345767532,0.7733333333333333,,,2.3
529,0.6074830004891731,1.5009129827414025,2.6959171754585367,6.27159914959437,0.7866666666666666,,,2.4
530,0.6078210684197696,1.4839439688331482,2.6420011788481785,6.087339439846438,0.7933333333333333,,,2.2
531,0.6269515812370573,1.5515714835236043,2.7797339115564412,6.4403112213316716,0.74,,,2.3
532,0.6206274360852179,1.5197057885839818,2.699589971663188,6.228327053398289,0.7466666666666667,,,2.3
533,0.6082930249078136,1.4934934248964378,2.6597054911254046,6.14957848414682,0.76,,,1.8
534,0.6156793359042948,1.528704317222324,2.748754139282699,6.403510659304041,0.78,,,1.8
535,0.6101430923535097,1.500081617576529,2.6766351960752415,6.185713238850339,0.8066666666666666,,,1.9
536,0.6258088180969967,1.5323429822645156,2.729546606493368,6.313671116172109,0.7533333333333333,,,1.8
537,0.6059438702358316,1.4960586670018479,2.674709056609036,6.20856011667067,0.7666666666666667,,,1.8
538,0.6138900512425244,1.508407363951087,2.6923760767613705,6.222541304127358,0.76,,,1.9
539,0.6113631470385195,1.50279028226992,2.67528314200896,6.16463548373672,0.7933333333333333,,,2.0
540,0.6137220974744951,1.5083958919670044,2.6930220853301923,6.215562294185343,0.76,,,1.9
541,0.6061001182434821,1.493940472456051,2.664916162526012,6.165146555165775,0.74,,,1.9
542,0.6099915120228837,1.4788895517725242,2.6159908695713914,5.997878834031632,0.7466666666666667,,,2.0
543,0.6051274683185461,1.4807199866497847,2.6513642811969174,6.150803620779404,0.7866666666666666,,,1.8
544,0.5988984552983426,1.4712213305303692,2.635221453902603,6.12315756406316,0.7733333333333333,,,1.8
545,0.6057369185698672,1.4791593164261523,2.631187718611312,6.073942134178742,0.7466666666666667,,,1.7
546,0.618040923604617,1.5227925345708642,2.727452479294111,6.323497868788453,0.7933333333333333,,,1.7
547,0.6067933260585695,1.4889144146077187,2.666399197466726,6.18361662500708,0.78,,,1.8
548,0.6103754918491504,1.4829079057447627,2.628833646363831,6.0593897529993015,0.7666666666666667,,,1.8
549,0.6111377877348783,1.5012334841539072,2.6866776062619717,6.231273387077967,0.7733333333333333,,,1.7
550,0.612764931412825,1.4948166457616363,2.6510127912302806,6.109823617480942,0.7666666666666667,,,2.0
551,0.6192793915732024,1.530743980035876,2.7503641855047,6.395293580143716,0.7866666666666666,,,1.9
552,0.6194811127506661,1.5282845275018118,2.722484203034497,6.289669006263134,0.76,,,1.8
553,0.6097357074521287,1.48981934351076,2.6613028165214034,6.176517520853813,0.7733333333333333,,,1.7
554,0.6037312634874329,1.472826394214153,2.608501559962298,5.997147852938046,0.7733333333333333,,,1.7
555,0.6228748004149177,1.5334751286871418,2.7259976261554764,6.276685713211846,0.76,,,1.8
556,0.6088422470594429,1.492906629378738,2.6853700166474024,6.275580345415653,0.7866666666666666,,,1.8
557,0.6183130965399743,1.5163377460102152,2.7081185703534665,6.269922111382443,0.8066666666666666,,,1.8
558,0.613771475352883,1.5085952356846022,2.6897975067956117,6.205365418452316,0.7533333333333333,,,1.7
559,0.613982049016133,1.5224529285585606,2.7248841308229506,6.32517949242223,0.78,,,1.7
560,0.60980301228952,1.4762039878377506,2.631061600274028,6.091699349511249,0.7666666666666667,,,1.7
561,0.6263375850031833,1.531357366539602,2.7268631965853,6.2999856104046685,0.7666666666666667,,,1.7
562,0.600318032153032,1.4441887091605137,2.558777006145956,5.900965838142843,0.7533333333333333,,,1.7
563,0.6206302025612073,1.5348187226859253,2.7219588388003837,6.2557224393583475,0.7733333333333333,,,1.8
564,0.5949028729853526,1.4484507621342342,2.5815910676593443,5.964284219177467,0.7733333333333333,,,1.7
565,0.6072768649426349,1.4943926219237034,2.676842885969281,6.214275098716959,0.7666666666666667,,,1.7
566,0.6022392284576087,1.4555840994937215,2.5766580134894728,5.921037497136653,0.76,,,1.8
567,0.6229434072773113,1.5476406489979635,2.7845842777765726,6.478468662650508,0.7933333333333333,,,1.8
568,0.6223307334388143,1.5394874421039564,2.741747021706623,6.319289518160848,0.76,,,1.8
569,0.6014810543585363,1.470492255170681,2.629553694488434,6.113491635178917,0.76,,,1.7
570,0.6190862117424969,1.528583537688911,2.7335740412083056,6.3320502494667785,0.78,,,1.7
571,0.6082272452030457,1.4918142173848727,2.665293320638147,6.19234821570447,0.7666666666666667,,,1.7
572,0.6028126285715644,1.4719511829379883,2.6143162675635128,6.0128174283769855,0.76,,,1.7
573,0.5990418040011164,1.4493571789404087,2.5637566339578317,5.8997497467537885,0.7466666666666667,,,1.8
574,0.6055352506246922,1.4986512625514137,2.6836075910577595,6.2244117922652515,0.7666666666666667,,,1.9
575,0.6082135369052583,1.4969744997056793,2.679944741917711,6.20921675468758,0.8066666666666666,,,1.9
576,0.6219366254221526,1.5284718205114365,2.7301222678706774,6.3127057815506715,0.7733333333333333,,,1.9
577,0.6014539155295745,1.4814106673036462,2.651233965442963,6.157445951590507,0.7733333333333333,,,2.0
578,0.6085783920862702,1.4927628140165292,2.6643152329424287,6.163490916097718,0.7933333333333333,,,2.0
579,0.6108341877284423,1.5021566795554862,2.6758026410716615,6.1654914943742405,0.7733333333333333,,,2.2
580,0.6121135135563346,1.5050961422625546,2.6967504210045647,6.263188662110806,0.8066666666666666,,,2.6
581,0.6137771065355171,1.4785857051034248,2.606662900267611,5.979826368725734,0.74,,,2.1
582,0.6140318698914908,1.514613822639162,2.7164070104837954,6.31261434163988,0.76,,,3.3
583,0.6097945841047838,1.5053805964001397,2.7020617602788053,6.281853961779317,0.7933333333333333,,,1.9
584,0.6108061738830041,1.4930976710636454,2.6431655071387037,6.0629319457409885,0.7533333333333333,,,1.9
585,0.5929646631002139,1.446852647225769,2.5910156692800514,6.014157505448937,0.78,,,1.9
586,0.6208236120872498,1.5220182373509825,2.698584276737771,6.21450774516797,0.7733333333333333,,,1.9
587,0.6052909910870807,1.475049799511067,2.6086809006338125,5.98352243189181,0.7533333333333333,,,1.9
588,0.6140477734720838,1.5219762336136142,2.731976701669677,6.343855135662893,0.8,,,2.6
589,0.6086602897729955,1.511752562865961,2.7163139718103726,6.319634308278996,0.7733333333333333,,,2.0
590,0.6206508079513754,1.5232356360282182,2.716036569092771,6.278992140469268,0.7866666666666666,,,1.8
591,0.6157630514939672,1.5081161143460524,2.678283003390884,6.179245450859724,0.7866666666666666,,,1.9
592,0.6281971396760919,1.5363038728438487,2.7495986437316424,6.389781595756271,0.78,,,1.9
593,0.6209411040863043,1.518767141016374,2.7174927227846153,6.299102957801079,0.7866666666666666,,,1.8
594,0.6057015133182069,1.4825668569440555,2.655283729505332,6.159172683844254,0.76,,,1.9
595,0.6077357525376326,1.5045280487752324,2.690318589402643,6.222470436918208,0.7533333333333333,,,1.9
596,0.6168451124095524,1.5055467654529457,2.675146926821921,6.191052117683912,0.7466666666666667,,,1.9
597,0.6067002901608834,1.4795183976541482,2.6402818905261114,6.116718141260253,0.76,,,1.9
598,0.6058040022721872,1.4726022748986187,2.6260172325698194,6.079178813446347,0.7666666666666667,,,1.9
599,0.6109301202438249,1.5125752761105786,2.6968390185056017,6.240426189844596,0.7733333333333333,,,2.0
600,0.6045635175699908,1.4846958156070824,2.657391103509964,6.1589691065444505,0.7533333333333333,,,2.0
601,0.6186698730600617,1.5154577581888637,2.6881222810507444,6.182142583281714,0.7333333333333333,,,2.0
602,0.6155890490132315,1.5284217580644464,2.7495557280459244,6.408482956202373,0.8,,,2.0
603,0.6172057356529297,1.501172436283531,2.6740960341885605,6.202465587290857,0.7933333333333333,,,2.0
604,0.612344736938093,1.5032525383437696,2.6841285119324776,6.222979406672585,0.78,,,2.0
605,0.6069729134553713,1.4821549071679392,2.6409827185667107,6.094806089257733,0.76,,,2.0
606,0.6014126659320603,1.463953614150949,2.6033286353616343,6.012939465619347,0.78,,,1.9
607,0.6262072029895623,1.5358730500919686,2.7176587808057273,6.2339382786377735,0.7733333333333333,,,2.0
608,0.6202554713137562,1.5148686490027325,2.709145700348426,6.28427457030043,0.7666666666666667,,,1.9
609,0.6178566979263403,1.520806511821264,2.7201794420195666,6.30941941195107,0.8066666666666666,,,1.9
610,0.6025807571491812,1.4758904762435823,2.6093404630911547,5.980621919169921,0.76,,,1.9
611,0.6220215738830899,1.5326315245492748,2.737098374508309,6.338090789902927,0.7866666666666666,,,2.1
612,0.6293752481235605,1.5466473555902636,2.7772430731228916,6.470636127649142,0.78,,,1.9
613,0.601668180485826,1.4710504424176123,2.6259986261899986,6.083183894072293,0.74,,,1.9
614,0.6101001377975139,1.4828522351898232,2.6421473740438866,6.114179629875559,0.78,,,1.9
615,0.6156642897020462,1.4922525782855232,2.669243576185552,6.21366515320416,0.78,,,1.8
616,0.6098575136751921,1.4973374062724345,2.664704884569085,6.126981673659075,0.7666666666666667,,,2.0
617,0.6007925985892206,1.4763777781134186,2.6426225036093465,6.143177791317829,0.76,,,1.9
618,0.603074428540687,1.469810692446753,2.6068071790029315,6.012023869246613,0.76,,,1.9
619,0.6156495491244303,1.4979704522461013,2.655098230076901,6.108561857040078,0.7666666666666667,,,1.9
620,0.6148682077393316,1.4974451066032002,2.66085701459634,6.126871491654854,0.7666666666666667,,,2.0
621,0.6092374833460621,1.5013025382348149,2.6789464324711143,6.188050518813917,0.7733333333333333,,,2.0
622,0.6194938595246655,1.5166633765362356,2.7122997083308573,6.294114283537166,0.78,,,2.0
623,0.626954767291537,1.5370324566946196,2.7398069982587874,6.341140036862112,0.7733333333333333,,,1.9
624,0.6209293112013703,1.541481637228733,2.761320976058553,6.423081663883368,0.7666666666666667,,,1.9
625,0.6053117603199706,1.4839581394434027,2.6548510144528774,6.151349154438139,0.8,,,1.9
626,0.6100267945465625,1.4946306540082055,2.6745195065521092,6.230322287649968,0.7666666666666667,,,1.9
627,0.6098354534712042,1.5099179049508136,2.713277808739927,6.313751499181951,0.7666666666666667,,,2.0
628,0.6056741201022313,1.4830015265566017,2.652580105484172,6.151497403354899,0.74,,,1.9
629,0.6092004092664018,1.4936630938457727,2.668660939683766,6.1739836329988735,0.7666666666666667,,,1.9
630,0.6088602342035667,1.4913075369441333,2.6497837435539933,6.112659739468589,0.7466666666666667,,,1.9
631,0.6183513685951523,1.4898755838286288,2.6375494349494306,6.074919201335127,0.7466666666666667,,,1.8
632,0.613109497738682,1.5047952117498724,2.6840973246167414,6.212395779839097,0.8066666666666666,,,1.9
633,0.600836609348331,1.4487122154356038,2.574210402957063,5.932806722713795,0.76,,,1.9
634,0.6041925834912576,1.473989265647976,2.6358749871926164,6.117400271530108,0.76,,,1.8
635,0.6212452233392818,1.5206120199141246,2.7161170220411934,6.3001973458286615,0.82,,,1.7
636,0.6173832026343009,1.5013663058386228,2.667700080323708,6.169479138045517,0.7333333333333333,,,1.8
637,0.6249669245298202,1.5349627578285499,2.7466994584827695,6.369335152548897,0.8,,,1.8
638,0.6054426308462232,1.4877501286128176,2.652014148651051,6.129631691486756,0.7733333333333333,,,1.9
639,0.6029960346914405,1.4858302252035074,2.64700990388997,6.119456837690347,0.7333333333333333,,,1.9
640,0.6213384879809273,1.517002690999201,2.7014532024398408,6.2427396885300235,0.7933333333333333,,,1.9
641,0.6137204431087243,1.4982715310836612,2.6859750332805628,6.252293375217652,0.78,,,2.0
642,0.6021290497290701,1.4841602149198077,2.6552466703021262,6.164319413540784,0.7733333333333333,,,1.9
643,0.6030820025191751,1.4803044889603063,2.650629286736769,6.15011304765483,0.7866666666666666,,,2.0
644,0.620281094242662,1.527578715331216,2.721525197223173,6.269308256036632,0.7666666666666667,,,1.9
645,0.6133189163006704,1.4892635243310217,2.6215004619855518,5.991192457731648,0.74,,,1.9
646,0.5991931114269299,1.4965114090215763,2.6928985727527888,6.252562488086978,0.7666666666666667,,,1.9
647,0.6070993158204497,1.4786508009523145,2.6352825260739237,6.093754219324123,0.7733333333333333,,,1.9
648,0.6030391131636433,1.4712988948705166,2.618986366863648,6.050188799362059,0.7466666666666667,,,1.9
649,0.621687566645135,1.5304059714097615,2.734331068426376,6.338950304131621,0.78,,,1.9
650,0.6128176042743403,1.4845887904768786,2.6470708051560297,6.124747446759816,0.7533333333333333,,,1.9
651,0.6124436237820672,1.4917221182872606,2.6578009529803768,6.1408982088310236,0.78,,,1.8
652,0.6099990066648885,1.5003661267523754,2.685207308244237,6.225990694291519,0.78,,,1.7
653,0.6183254478923798,1.5092521594846005,2.701369729648665,6.275763897481391,0.78,,,1.7
654,0.6128016652056033,1.484999284239439,2.6268280788101137,6.029678517066504,0.8,,,1.7
655,0.6156268749005781,1.5171206140958176,2.7157324089935932,6.299763939062196,0.8066666666666666,,,1.6
656,0.6106828896265271,1.4886858022427922,2.6541805825504,6.135606847722015,0.76,,,1.7
657,0.6135377617470542,1.5004302821218842,2.6896975905148603,6.253587951715308,0.7666666666666667,,,1.7
658,0.6030471689274901,1.470019304637177,2.628301549165774,6.1075836482984895,0.8,,,1.7
659,0.6153248638455574,1.5163666609163178,2.705966795473432,6.261524758994511,0.7533333333333333,,,1.7
660,0.6160218860699819,1.508516116686438,2.705257911360526,6.299703320743972,0.7533333333333333,,,1.7
661,0.6145928788305783,1.5118554923010272,2.708333839433889,6.288514977631365,0.7666666666666667,,,1.7
662,0.6204357603387225,1.5219625545164785,2.716111226285518,6.289537279795668,0.7733333333333333,,,1.7
663,0.6204562094561618,1.533077506693075,2.7471973140594788,6.39224631721249,0.8066666666666666,,,1.7
664,0.6305510294173724,1.5519104055062527,2.785207571911621,6.480023004706013,0.7666666666666667,,,1.8
665,0.6180884118569856,1.5050458743572943,2.686946885825524,6.229489697968918,0.8,,,1.7
666,0.6169481897467719,1.5064391063299618,2.6773436349584148,6.173999994555978,0.72,,,1.7
667,0.6134228365517527,1.5135378584009282,2.7133725191230487,6.308672351343592,0.7666666666666667,,,1.7
668,0.6195607366702494,1.5137082124320633,2.695007623098027,6.224898670014492,0.78,,,1.7
669,0.6173587947137736,1.502067403800669,2.6845426015826592,6.23373952232694,0.7666666666666667,,,1.8
670,0.6129685853339657,1.4859297965181713,2.6361514861615722,6.0888583886026995,0.7533333333333333,,,1.8
671,0.6036655108455534,1.4884760148225518,2.64627916135468,6.100542355912022,0.76,,,1.7
672,0.6033394007560949,1.4875336812788593,2.657448200783858,6.14867504418327,0.7466666666666667,,,1.7
673,0.6277912674498719,1.542595988966994,2.753613946826798,6.372671317401146,0.7733333333333333,,,1.7
674,0.6036914178483447,1.482536482663821,2.6435721391985196,6.1085505269808404,0.76,,,1.6
675,0.6085478020002494,1.496276837046159,2.678339783449484,6.207796338997705,0.78,,,1.7
676,0.6101517433897485,1.495049942009865,2.667887002864001,6.182513841009771,0.76,,,1.7
677,0.6250375333761996,1.517162686034416,2.6894894835685186,6.196067710501748,0.7733333333333333,,,1.8
678,0.604645320449496,1.4814533416744746,2.6560500964750173,6.174345297330327,0.7733333333333333,,,1.7
679,0.6119917745673035,1.472417167530707,2.613097606431274,6.027639400395259,0.76,,,1.7
680,0.6175727762399219,1.5151761033057358,2.6936650189205125,6.21663782692238,0.7933333333333333,,,1.8
681,0.5972200634120909,1.465003690100588,2.6202308898243714,6.066532148591489,0.78,,,1.8
682,0.6172248573895034,1.4930280546074164,2.667667697011086,6.189240768094473,0.7666666666666667,,,1.9
683,0.6145031983284119,1.5087050048908033,2.6840467879334375,6.177854954810716,0.76,,,2.0
684,0.6066746158226949,1.4956828786392005,2.693207501233993,6.283805939580389,0.7933333333333333,,,2.0
685,0.6043555051331136,1.4789265352830323,2.639571229080162,6.107627577370328,0.78,,,1.8
686,0.6116237310421498,1.5124243819726473,2.7037560491373216,6.260677337463838,0.8,,,2.1
687,0.6143739090194155,1.5147580897898114,2.718541592806652,6.335974837182697,0.7666666666666667,,,2.0
688,0.6159137070794781,1.501874633258689,2.6625224027929213,6.128838204320147,0.8,,,2.7
689,0.6143554468460106,1.510018486736389,2.6774787115630163,6.141177413343214,0.7466666666666667,,,2.2
690,0.615748081606359,1.5259380204447386,2.7303543640027432,6.322399064653524,0.7866666666666666,,,2.7
691,0.6190383049360318,1.53526329387133,2.7548696825862242,6.38895774610783,0.78,,,1.9
692,0.6172925725979844,1.5134348299802312,2.708590713730485,6.278382759957566,0.7866666666666666,,,1.9
693,0.6194098453757967,1.536138585640504,2.750924589295161,6.360482152831554,0.7933333333333333,,,1.8
694,0.6082184362583752,1.489765162114067,2.66739464533748,6.198942201897071,0.78,,,1.8
695,0.6157878765395386,1.5210399350422847,2.7533295839477203,6.468287137874765,0.7866666666666666,,,2.3
696,0.6101608788998042,1.4891994171607257,2.645115627587111,6.091577463244422,0.78,,,2.1
697,0.6200871933797519,1.5125123090538886,2.7017347648493613,6.272470029020282,0.8,,,1.9
698,0.609428437074172,1.500553547758638,2.6865410510841246,6.229933691737183,0.7533333333333333,,,2.0
699,0.6052781818749096,1.4795907127125667,2.6390334691397643,6.109044801496911,0.74,,,2.0
700,0.6261913207302017,1.527450197380662,2.731246434282897,6.340622670360222,0.7533333333333333,,,1.9
701,0.614157193700575,1.5154102667896772,2.712696280259892,6.291602319359947,0.7533333333333333,,,1.8
702,0.6142133246487571,1.5148059000253833,2.7029691482181843,6.2374094545089,0.76,,,2.0
703,0.6125613911318442,1.4920436502567678,2.6515189189309067,6.119184800662049,0.78,,,1.9
704,0.6154487676376191,1.5029437440962927,2.6802368992148797,6.210457011487577,0.76,,,2.0
705,0.6117319750537696,1.5085447179379892,2.70549106045871,6.290301408312791,0.78,,,2.0
706,0.6061330492311736,1.4880561341847,2.658302049293549,6.146662998038878,0.7666666666666667,,,1.9
707,0.6150656707762617,1.484801575151303,2.63975304815048,6.105465796013861,0.76,,,2.0
708,0.6191264603693132,1.514096646602099,2.6928521540949175,6.200909356800178,0.7733333333333333,,,2.0
709,0.6074343193421456,1.4927334117271274,2.6657164989055233,6.178313589977886,0.7733333333333333,,,1.9
710,0.6149159919704039,1.5122236003084402,2.710399969399262,6.302046712789312,0.7533333333333333,,,1.9
711,0.6172941738723565,1.5140903637994347,2.7086966634534333,6.279331195121593,0.7733333333333333,,,1.8
712,0.6210252418773391,1.5152124525639636,2.694686739280396,6.217409607503452,0.7733333333333333,,,1.9
713,0.6159024023210782,1.5107769307733525,2.6850732008525244,6.20191323021098,0.78,,,2.0
714,0.6231707665934842,1.5318761883959682,2.7465060142970827,6.372302228902404,0.7933333333333333,,,1.9
715,0.6135245274971874,1.5074193818564088,2.697178220978604,6.251134612311688,0.7533333333333333,,,1.9
716,0.6106567368639977,1.4787755883925875,2.6302088782517377,6.085805922556095,0.7733333333333333,,,1.8
717,0.6096053733304391,1.5067077387362349,2.6999983356712587,6.261880679147711,0.7733333333333333,,,1.7
718,0.6037565716619303,1.481477588573887,2.642599570789417,6.113424287706748,0.7066666666666667,,,1.8
719,0.5935981880859754,1.4622496063995065,2.6110750324703336,6.046100038681834,0.8066666666666666,,,1.9
720,0.6065070365603437,1.4714642882178313,2.615340669629536,6.048324128817716,0.7466666666666667,,,1.9
721,0.5953283853751173,1.4447833230104845,2.5673868437490217,5.930620212838026,0.7866666666666666,,,1.8
722,0.6009258228450062,1.457313418139943,2.5865468773499782,5.977829664492826,0.7533333333333333,,,1.9
723,0.606046382838016,1.4855155178545443,2.656048974120544,6.1701697908792825,0.7733333333333333,,,1.9
724,0.6101980831585337,1.4896780002045469,2.653406981113021,6.144632658336136,0.7866666666666666,,,1.9
725,0.6093983782071238,1.4708248994775723,2.604190226479557,5.985504231847205,0.7733333333333333,,,1.9
726,0.6163169550044088,1.530756838587577,2.7502647575666415,6.390459362223636,0.8133333333333334,,,1.8
727,0.6071301525961392,1.4768496483327824,2.629674201119491,6.066724102151103,0.7866666666666666,,,1.9
728,0.6139080118871522,1.513815588644616,2.725944303723086,6.340551638713015,0.8,,,1.8
729,0.6008967810415692,1.4718198129194926,2.6332374653441133,6.099258706445346,0.7466666666666667,,,1.9
730,0.6144674545406866,1.5161234791468392,2.7157592602817506,6.313350548954208,0.76,,,1.9
731,0.6207848411151217,1.5157135467847405,2.7022382787809254,6.246317404206458,0.7333333333333333,,,1.9
732,0.5994456604057455,1.4774304569632435,2.65480250977544,6.185184212731267,0.7466666666666667,,,1.9
733,0.6096285576241681,1.4852144852468385,2.6560498542791984,6.162972830973451,0.7666666666666667,,,1.9
734,0.6051903401777842,1.481457565692919,2.6493966153485458,6.151095243487711,0.76,,,1.9
735,0.5980839066821655,1.4629608862757528,2.602786223270198,6.000459536831083,0.7466666666666667,,,2.0
736,0.60060003700599,1.463847033097915,2.600553784388935,6.012527518008898,0.7733333333333333,,,1.9
737,0.6051502597658659,1.4962897193934452,2.6652479270026417,6.1579318944872865,0.7666666666666667,,,1.8
738,0.6191305879630721,1.535610736545085,2.761091774597591,6.429992204787306,0.8,,,1.8
739,0.618938492177965,1.5108411584040504,2.673909972482672,6.146738301831514,0.78,,,2.0
740,0.6151670736298095,1.4851584092101329,2.642764276644746,6.114105914955225,0.76,,,2.0
741,0.6048519274060314,1.473195514140778,2.6198333111695224,6.051528197723383,0.7733333333333333,,,1.9
742,0.6124702917365029,1.5097767337565915,2.7109524042005706,6.3088051964846095,0.7733333333333333,,,1.9
743,0.6166336319602089,1.5088012807642064,2.679870983456939,6.1838840568803715,0.7866666666666666,,,1.8
744,0.5959548060695179,1.4495434710133426,2.595983291136434,6.034006449633112,0.7533333333333333,,,2.0
745,0.597859214168591,1.447851932792546,2.574419251428439,5.9580070278767545,0.72,,,1.9
746,0.6085682659648673,1.4805659716123236,2.6317885907735237,6.08231100167794,0.76,,,1.9
747,0.6194874711456773,1.5221964223117466,2.7207038550299054,6.308942600268781,0.7533333333333333,,,1.9
748,0.607952265404486,1.4915465236941527,2.6496036300582904,6.099975776923941,0.7666666666666667,,,2.0
749,0.6091670260541804,1.5009220316388463,2.6934376809858716,6.267591517885203,0.7333333333333333,,,2.0
750,0.6059984816501116,1.498103298810126,2.6832131477346493,6.225300859023909,0.7733333333333333,,,1.9
751,0.612909239243942,1.501272880158813,2.687370925683064,6.224207814620799,0.78,,,1.9
752,0.6198233073401854,1.5104494190970037,2.681480086328242,6.174137858096522,0.7733333333333333,,,1.9
753,0.6169819990016581,1.5018478772110844,2.6821239370616854,6.2129727635894705,0.7866666666666666,,,1.8
754,0.6108641666683177,1.5076847124042023,2.68322294991384,6.192105482999656,0.76,,,2.0
755,0.603407303923239,1.4860947162011613,2.649175809808192,6.1304613919598525,0.78,,,1.8
756,0.616910208930944,1.5202012424220144,2.703387068811371,6.23141940142948,0.7866666666666666,,,1.9
757,0.6135993069083613,1.5011375059770284,2.68043241666675,6.215808250970494,0.7466666666666667,,,1.7
758,0.6066322418629705,1.480231507992513,2.6529306043773926,6.172369438478425,0.7733333333333333,,,1.8
759,0.6190061742546804,1.5164637547458193,2.703291820667383,6.2536126292160406,0.78,,,1.9
760,0.6114313195570236,1.4960427038403994,2.687227472647015,6.266495264848117,0.7666666666666667,,,1.8
761,0.6292045564823411,1.5520162011575822,2.769450838268959,6.408949816212897,0.78,,,1.9
762,0.6164280468856925,1.5030999502519486,2.6857655260119926,6.233183672954253,0.7933333333333333,,,1.9
763,0.6049097281154577,1.4761874924906806,2.6324383300996534,6.086356099771056,0.8,,,1.9
764,0.602495738695488,1.4733571684831446,2.632545676120485,6.1021622615308955,0.7466666666666667,,,1.8
765,0.6141160252947261,1.5048758151377326,2.682311835435147,6.197648778918097,0.7533333333333333,,,1.9
766,0.6168789704259213,1.4979286017727118,2.6523928343822174,6.123156634774764,0.7333333333333333,,,1.9
767,0.6114171715885077,1.501152880500359,2.6628109720541833,6.1147308530272015,0.7466666666666667,,,1.9
768,0.6064532148289229,1.477517039343899,2.6331084582626225,6.108640773895551,0.7466666666666667,,,2.0
769,0.6124654827387112,1.5023494246867066,2.6860791089418785,6.230191869797943,0.7666666666666667,,,1.9
770,0.621685731673631,1.5289870810390647,2.7324357666618733,6.332243277150949,0.7866666666666666,,,1.9
771,0.6075625134551381,1.4806013899333905,2.63098586106383,6.070234769219751,0.7866666666666666,,,1.9
772,0.5981762181916461,1.4627110521007418,2.602206682420818,6.005015434699597,0.7466666666666667,,,1.9
773,0.6064251644652205,1.4890263420345549,2.6667237202352734,6.183692586855363,0.78,,,1.8
774,0.614064767947076,1.5064146390742346,2.6982004068041943,6.269225765402665,0.7533333333333333,,,1.9
775,0.6293537428688133,1.551584849042429,2.7802209117880974,6.465002646557871,0.7733333333333333,,,1.9
776,0.6060894475253132,1.4784543042679898,2.6253487627664875,6.044276484526305,0.7333333333333333,,,1.8
777,0.6275770535067535,1.5296962141030193,2.731879282829051,6.333676743944289,0.78,,,1.8
778,0.6281491850179683,1.5525342039443797,2.7638484401387022,6.379577379624409,0.8066666666666666,,,1.8
779,0.610369464483775,1.5006992572049644,2.685197057047379,6.238504483919653,0.7866666666666666,,,1.8
780,0.6077771298926102,1.4784431302349454,2.6232849403045146,6.05315046761491,0.74,,,1.9
781,0.6097633593283124,1.499491263328986,2.672133360102363,6.168614672696188,0.7933333333333333,,,1.8
782,0.6066597633068275,1.4954499255243259,2.679308690793239,6.214307903324809,0.7333333333333333,,,1.9
783,0.610927405235844,1.4915405103088624,2.6572678652363653,6.147050276427202,0.78,,,1.9
784,0.61221875355711,1.5160479208837336,2.6858110722639386,6.15953371901989,0.7866666666666666,,,1.8
785,0.6146157466493827,1.4923562292004904,2.6461589462070956,6.0874157079221405,0.76,,,1.9
786,0.6206349315362962,1.5108252498437034,2.6878930425412038,6.208781030946227,0.78,,,1.9
787,0.6164438563104201,1.5085934113895105,2.6737147086848565,6.144551086856002,0.7733333333333333,,,1.9
788,0.6148010681897951,1.503465913015917,2.6708770603832432,6.170100977097281,0.76,,,2.0
789,0.6082461652638187,1.4852794261439128,2.657089763052009,6.168626062387713,0.7733333333333333,,,1.8
790,0.6263588511296941,1.541909814755481,2.758181261131954,6.399827933696116,0.7666666666666667,,,1.8
791,0.6197360204072834,1.5122299118440596,2.7132597498673103,6.330351645398105,0.7666666666666667,,,1.9
792,0.6132658764427813,1.5222785117245383,2.729021446778612,6.331658788828636,0.74,,,1.9
793,0.6050704008014965,1.4988157001134852,2.6784948137331965,6.204267932505583,0.7533333333333333,,,1.9
794,0.6194065497342827,1.508592415136846,2.6653518957040654,6.112426960361148,0.7733333333333333,,,1.8
795,0.6239270113099444,1.5189163451848429,2.7106009850332424,6.282600636031511,0.7933333333333333,,,1.9
796,0.6153112190897446,1.504103150428909,2.689913840689902,6.253422793907361,0.7733333333333333,,,1.9
797,0.597492256319901,1.4642482192408683,2.60442686636254,6.008719038387273,0.7733333333333333,,,1.9
798,0.6123475228840867,1.4939320392110187,2.658286220712249,6.139260696053917,0.76,,,1.8
799,0.61383665332617,1.4926068052572252,2.6335788707880976,6.035702740618751,0.74,,,1.8
800,0.6082591901035186,1.476042252318627,2.6200421395193136,6.037664651568198,0.76,,,1.9
801,0.6079824299314868,1.496707741881059,2.674607406920458,6.189755868236974,0.7866666666666666,,,1.9
802,0.6101237330910863,1.4950774229418102,2.661524643043543,6.143905444441231,0.7666666666666667,,,1.8
803,0.6011998126182548,1.465180120346968,2.5956865731592687,5.968374271842882,0.7666666666666667,,,1.9
804,0.6121740975881503,1.5082564331573232,2.7030952782799686,6.275228534867042,0.7466666666666667,,,1.9
805,0.6181161200238557,1.4839575150049988,2.6153452433223245,5.988495498570904,0.7333333333333333,,,2.0
806,0.6080686197475788,1.4833823679138263,2.632673794116335,6.0747114138601175,0.7466666666666667,,,2.0
807,0.6182628640729848,1.5086982235403814,2.6835522331679016,6.197145480813511,0.76,,,2.0
808,0.6075789819809962,1.4904540311697545,2.651376970375173,6.115175772693112,0.74,,,1.9
809,0.6253354179395395,1.5245509814489062,2.717318314718269,6.280101657333551,0.78,,,1.8
810,0.6062990485346412,1.4882675324786696,2.642290260061269,6.073770719607551,0.78,,,1.9
811,0.6169484346245246,1.5152769081626623,2.7072939982756132,6.277445517570598,0.8066666666666666,,,1.9
812,0.6027506033712161,1.4658440531363854,2.607760131635999,6.027630788000407,0.7533333333333333,,,1.9
813,0.6028248171393962,1.4911682637054822,2.6543423074963175,6.115934037914405,0.7733333333333333,,,2.0
814,0.6034608971171831,1.4755299056234352,2.636303528344207,6.101946282046799,0.76,,,1.9
815,0.6039773449791132,1.4673793004351645,2.6056293753870636,6.002269603274797,0.7533333333333333,,,1.8
816,0.6011066144329709,1.4821697738333826,2.6456152115884635,6.117685243253574,0.7733333333333333,,,1.8
817,0.6166195052700686,1.491431789957118,2.629620368554067,6.0230608915508865,0.7666666666666667,,,1.7
818,0.607690432542182,1.4929852859174126,2.669085425377934,6.165886372937181,0.78,,,1.8
819,0.6130761163571361,1.5195252272952535,2.726596844615392,6.34137315634218,0.7866666666666666,,,1.8
820,0.6125987499429084,1.5025076626035339,2.680061779302149,6.201501249335605,0.78,,,1.8
821,0.6055990892641777,1.4896522314234562,2.6504575279865126,6.127456447616767,0.7866666666666666,,,2.0
822,0.6156049579736784,1.5089670205160122,2.6843977787753466,6.189891906271345,0.76,,,1.9
823,0.6063095392465014,1.484443561037993,2.640373199115955,6.089910483797834,0.78,,,1.9
824,0.6180062340811525,1.520286425516789,2.7017198131677675,6.223414194190359,0.78,,,2.0
825,0.6069650958030905,1.479027967885502,2.642056001377368,6.133773847519062,0.7866666666666666,,,1.9
826,0.6104411776355263,1.5080721382601308,2.696736275873174,6.239808970504285,0.76,,,1.8
827,0.6193752828017761,1.511138960971241,2.687573499162213,6.211756158568426,0.7666666666666667,,,1.9
828,0.6017380215717064,1.4793850195441516,2.6517500655638133,6.156424706797242,0.7933333333333333,,,1.9
829,0.6143649910096082,1.5112537668817516,2.6946042386422846,6.241181582189169,0.78,,,1.9
830,0.6137425475005196,1.502417826581851,2.6796935576293763,6.20730243114745,0.7933333333333333,,,1.9
831,0.6115303448140887,1.4815794890522866,2.633691761197584,6.065211336441919,0.78,,,1.8
832,0.6122634470231647,1.5037839872320546,2.6746718736389594,6.172003477067008,0.78,,,1.9
833,0.6086672738934863,1.490403391772992,2.673386974211559,6.238684598051766,0.7866666666666666,,,1.9
834,0.6086876186444603,1.4860878787194096,2.6305863220858914,6.032897448269873,0.74,,,1.9
835,0.6249804098519935,1.5382964586789927,2.729393047236257,6.2701794515573726,0.7733333333333333,,,1.9
836,0.621767686422649,1.529178551135029,2.7260794669236805,6.300846774457965,0.7733333333333333,,,1.9
837,0.6199440512221877,1.504187299184196,2.680721867360569,6.203479709661701,0.7666666666666667,,,1.8
838,0.6099954008130543,1.4956716422719238,2.662090417627811,6.151627862461284,0.7866666666666666,,,1.9
839,0.604159273967365,1.4740719940524971,2.6109493095574505,5.985318649260644,0.7333333333333333,,,1.8
840,0.6087553327335951,1.4894438801986212,2.6440071768157742,6.090296231823344,0.76,,,1.9
841,0.6163284909941117,1.5126567213245723,2.7103316342198878,6.290710521099559,0.78,,,1.9
842,0.603662557592167,1.4660386554348936,2.618080051404726,6.069212344363973,0.78,,,1.9
843,0.6084981452863393,1.4850935817161395,2.6409753509780596,6.101355963465576,0.7866666666666666,,,1.9
844,0.6169481966201624,1.5010722652876443,2.6494935888004068,6.071307264256697,0.76,,,1.9
845,0.6136862080576628,1.5104926248089825,2.7039582722046913,6.2672240130230925,0.74,,,1.9
846,0.6068369348290946,1.4993976928511246,2.684896011894702,6.214218882348144,0.7733333333333333,,,1.9
847,0.62391362817745,1.527439770139703,2.7125076016813,6.249369143872108,0.7666666666666667,,,1.9
848,0.6084122189284522,1.4955880248221927,2.6659209585219794,6.174063706943212,0.7866666666666666,,,1.9
849,0.6143911651884864,1.5006103896743026,2.6707274386958386,6.1638961637010485,0.7466666666666667,,,1.9
850,0.6215754291874734,1.5205031708091064,2.7056267148608586,6.251098495360473,0.7533333333333333,,,1.8
851,0.6143976823420443,1.5172167997135149,2.7006281912740646,6.2145228976073135,0.7666666666666667,,,2.0
852,0.6111426667253242,1.4894748462757477,2.652855027298623,6.1338475386626445,0.7933333333333333,,,2.1
853,0.6091202241544834,1.4816686192457857,2.633463169660486,6.0718789421888415,0.7666666666666667,,,2.1
854,0.6109107853047633,1.489205789061665,2.6642473983802972,6.181244713414597,0.7466666666666667,,,2.0
855,0.6094643211604671,1.4806352638256775,2.628999324722169,6.07569874852459,0.7666666666666667,,,2.0
856,0.6156840140733079,1.5190674187104936,2.718991433023668,6.308956969736775,0.78,,,1.9
857,0.6040869147595562,1.4788936474577203,2.630668447139572,6.062316820144932,0.7666666666666667,,,1.9
858,0.6058674898836827,1.4766878712164457,2.6259799628066918,6.050131735608973,0.76,,,1.9
859,0.6115195261051551,1.5058170916399292,2.6942156831769855,6.233693068687165,0.78,,,1.9
860,0.6169234944823403,1.522572623385418,2.7084176419123027,6.244827256316673,0.8066666666666666,,,1.8
861,0.6037566630281265,1.4837164805104772,2.6394701805843783,6.085159671558463,0.7466666666666667,,,1.8
862,0.618400484698545,1.515519299070145,2.703160739133789,6.229034110378219,0.8,,,1.8
863,0.6187813194313537,1.525025366206029,2.7363207335755244,6.356716043018128,0.7733333333333333,,,1.9
864,0.6142091844159684,1.5028745059606077,2.6874224647182836,6.234901873552085,0.7666666666666667,,,2.0
865,0.6230710638345552,1.5097229331308704,2.6753212955443724,6.157888265114534,0.7466666666666667,,,1.9
866,0.6127717688502637,1.4935093615033619,2.665071185184532,6.1753667031491455,0.76,,,1.8
867,0.6238233643016975,1.5193820638005138,2.6944461940007187,6.21170642899105,0.7933333333333333,,,1.8
868,0.6223988817508683,1.5243666620168732,2.705715177260854,6.219316775589189,0.7866666666666666,,,1.9
869,0.6118693188424825,1.5087393501243382,2.6912881306437306,6.210291043590196,0.74,,,1.9
870,0.6218064943131154,1.522920381487127,2.70924402930859,6.235821380832258,0.7666666666666667,,,1.9
871,0.5981421235016382,1.4673825341799445,2.636079319090426,6.141824979050942,0.76,,,1.8
872,0.6107572930693635,1.496718282917117,2.6769821103508957,6.204605092704435,0.76,,,1.8
873,0.6086392258110397,1.4717655116509498,2.6155379428937766,6.038334490886475,0.7533333333333333,,,1.9
874,0.6158469785361732,1.5121336432270376,2.705127575211477,6.270675871022489,0.7466666666666667,,,1.9
875,0.6207871028006041,1.520817856583246,2.7156248293249425,6.286171095672033,0.7933333333333333,,,1.9
876,0.6245094506329727,1.5359340063745575,2.7299066656469075,6.2941705701039,0.7533333333333333,,,1.8
877,0.6043603144489981,1.4861224846259342,2.6633339374364655,6.194884668718123,0.76,,,1.8
878,0.6024554221732351,1.485054514614623,2.656019825891339,6.1534956806154355,0.7666666666666667,,,1.9
879,0.613443735152866,1.5075808411903222,2.695127511706515,6.258262681678029,0.78,,,2.0
880,0.6153802648410398,1.504413787761755,2.6833729226729544,6.207013931072485,0.76,,,1.9
881,0.6220682128690233,1.5282196133395023,2.72089474747213,6.270218234482052,0.76,,,1.8
882,0.6084733913594393,1.4876279970797623,2.6476287263604177,6.12038404331715,0.7666666666666667,,,1.8
883,0.6214898665136502,1.5135245420340258,2.6837828576822713,6.179033426620437,0.76,,,1.9
884,0.6123461139192183,1.4941059135833785,2.6557059640127627,6.118029690351107,0.7466666666666667,,,1.9
885,0.6178816271321298,1.5285534571378236,2.7386193267017997,6.34668195833072,0.7866666666666666,,,1.9
886,0.6000953524523848,1.4688962873875906,2.6125012887459866,6.033539518622348,0.76,,,1.8
887,0.6091127137723124,1.4912425626460117,2.6535000616150115,6.122549992167539,0.7733333333333333,,,1.9
888,0.6258299538563072,1.527402134647653,2.7172718805329343,6.2733942990732565,0.7933333333333333,,,1.9
889,0.6207679979656173,1.5152024502540575,2.689959855311518,6.201918385197791,0.7933333333333333,,,1.9
890,0.6213264016058616,1.5251259700253388,2.71917823630145,6.284560422567198,0.76,,,1.9
891,0.6075119190685141,1.4818838383208401,2.6243123188678776,6.041951020815596,0.78,,,1.8
892,0.6235768136146844,1.5383935142430356,2.736550027955227,6.315240277297079,0.7533333333333333,,,1.8
893,0.6174128777885208,1.5089264947366654,2.701219607977658,6.287438579985437,0.76,,,1.9
894,0.6056605149960239,1.4906217784618603,2.6713853898981212,6.196162217708773,0.7666666666666667,,,1.8
895,0.609311330562919,1.5042666334182486,2.69324840103624,6.235750895151437,0.7666666666666667,,,1.8
896,0.6134725585587721,1.5090381351283868,2.7142413566669794,6.336276283328093,0.7866666666666666,,,1.9
897,0.5976546685023053,1.4683099007215337,2.622688888198057,6.065108980088591,0.7533333333333333,,,1.9
898,0.6164316140079632,1.5116382901029939,2.7083310817242072,6.295921471560329,0.7533333333333333,,,2.0
899,0.601916924458846,1.4835803271932952,2.641959017260109,6.0834878171134585,0.7533333333333333,,,1.8
900,0.6171539572148942,1.5137131332829101,2.715888932041467,6.313447638545802,0.7866666666666666,,,1.8
901,0.6134448262446476,1.4964257722970011,2.674021740584824,6.206491158310632,0.7733333333333333,,,1.9
902,0.6158114774267528,1.5113547299471002,2.689900567701847,6.212717841622072,0.7866666666666666,,,1.8
903,0.6096005176548108,1.4881599657655102,2.654125737854963,6.1433177781167725,0.7266666666666667,,,1.8
904,0.6172214219395018,1.5231510070800682,2.728640020055394,6.32927282364213,0.7666666666666667,,,1.9
905,0.6186050805170132,1.5269523350183727,2.7142100731355483,6.24683231468042,0.7933333333333333,,,1.8
906,0.6046252595838812,1.478403757731131,2.6272998896653394,6.062782190592137,0.76,,,1.9
907,0.6200137221409182,1.5364460585067,2.7627360393322373,6.4387150267335835,0.7933333333333333,,,1.9
908,0.5986363337922249,1.4687017045078004,2.6215744275645116,6.076588613789909,0.7666666666666667,,,1.9
909,0.6250359122444293,1.5347275775252551,2.7388402043993856,6.3316418168375,0.7866666666666666,,,1.9
910,0.6089750788960325,1.4816183480768386,2.629741498666753,6.055860804606377,0.7533333333333333,,,1.9
911,0.6041532333813707,1.4899940040211224,2.65869504733162,6.135904989842837,0.78,,,1.9
912,0.6124474166964485,1.4937488904480545,2.661732823413843,6.157581074535636,0.78,,,1.8
913,0.6008533013008901,1.4841303544476225,2.647068961717484,6.119961915362798,0.7333333333333333,,,1.9
914,0.6123228023209726,1.493227726524924,2.67502226946359,6.215144022753997,0.7666666666666667,,,1.9
915,0.604836192411057,1.4928675762857682,2.6711238275892577,6.184635843623791,0.7933333333333333,,,1.8
916,0.6075478965241862,1.4888935559099912,2.654268631394575,6.118755660663926,0.76,,,1.9
917,0.6154725304398205,1.5167729610985339,2.7039090090362614,6.245194084922059,0.7733333333333333,,,2.0
918,0.6202438423301935,1.521065089600824,2.7387996910906893,6.403297452738512,0.7933333333333333,,,1.9
919,0.6050825810738273,1.4869964582426474,2.66405530997155,6.190913596278613,0.7866666666666666,,,1.9
920,0.6201029592000659,1.530987961375672,2.7412928063137927,6.351183867121663,0.7666666666666667,,,1.9
921,0.6108564610031669,1.5184084225494592,2.722808413238632,6.320960017411462,0.7866666666666666,,,1.9
922,0.6084011395280124,1.4947337948548958,2.666803787010435,6.1771391670143645,0.7666666666666667,,,1.8
923,0.6092797713418938,1.5011768097348142,2.700104650888447,6.27804450087791,0.8066666666666666,,,1.9
924,0.586224675171661,1.428997365387894,2.5476913901656144,5.901558431145271,0.7733333333333333,,,1.9
925,0.5998381795736004,1.4636078333984142,2.613084309870785,6.054791142818175,0.7666666666666667,,,1.9
926,0.6067914273275243,1.4618116967315882,2.5793637691925726,5.916279060100334,0.74,,,1.9
927,0.6100645830821776,1.5030274812663225,2.68600151566313,6.219497385834159,0.7933333333333333,,,2.0
928,0.6234137909224906,1.5350186571928213,2.7304059427614047,6.280596429907221,0.7666666666666667,,,1.9
929,0.6214276804793648,1.5350000443009075,2.728064210990252,6.281595487046914,0.7533333333333333,,,1.9
930,0.6252054699735213,1.52970435529835,2.7383794298789073,6.358000615687401,0.7666666666666667,,,1.9
931,0.614989887893163,1.5077477122071803,2.685442899306675,6.208657621624249,0.7866666666666666,,,1.9
932,0.6224731828430623,1.5407560696432343,2.761190392659431,6.413670062404385,0.7733333333333333,,,1.9
933,0.6081094714603508,1.482069321208224,2.6559965414351754,6.1798262646429585,0.78,,,1.9
934,0.6140456239459251,1.4978705485572816,2.6756894081584623,6.196818044707729,0.8,,,1.9
935,0.6146071639898936,1.4921972373858252,2.6498718110126522,6.12324902678684,0.7466666666666667,,,1.9
936,0.5994171918964982,1.4659092144064287,2.6247255205232145,6.090521083605225,0.78,,,1.9
937,0.6236773480541327,1.5261071919348042,2.722175510477904,6.287397269803135,0.7933333333333333,,,1.9
938,0.6043485324550898,1.4815825807990923,2.630291109669621,6.0445544122613075,0.76,,,1.8
939,0.6115726257815884,1.4963272566920356,2.647305871604968,6.059978415847259,0.78,,,2.0
940,0.6038883808554414,1.4641989346068187,2.607459448213933,6.043387196158289,0.7466666666666667,,,1.9
941,0.6084117829395801,1.491450729188638,2.675649873156509,6.223991347203337,0.7933333333333333,,,1.8
942,0.6153127249002001,1.5022671024452567,2.6883334717261302,6.247310268556659,0.76,,,1.8
943,0.6130774430868993,1.5006586491403875,2.6716412632498017,6.174813030079969,0.7466666666666667,,,1.9
944,0.6222597749935991,1.5241943891458054,2.715839664220112,6.282563318459154,0.7866666666666666,,,1.9
945,0.6079026710026456,1.4687859651560504,2.6077923411908084,6.0162773449327185,0.7733333333333333,,,2.1
946,0.6134508314569816,1.492788554790283,2.64705270041485,6.100639467673662,0.7533333333333333,,,1.8
947,0.5999211023949311,1.4488125656935031,2.5833471075782337,5.982030720505842,0.78,,,1.9
948,0.6128819218645386,1.5087306523593231,2.7039505945523468,6.2824767728152455,0.7933333333333333,,,2.2
949,0.6067893387197769,1.4767761317592287,2.6256489806677346,6.0677704204227405,0.7466666666666667,,,2.4
950,0.6011484348834588,1.471053530082188,2.6207180321497585,6.041098694039983,0.7666666666666667,,,2.2
951,0.6119038688715651,1.4948828246274626,2.6783035542962437,6.238761792320338,0.7666666666666667,,,2.8
952,0.6040296906841981,1.4797834093556417,2.645858494734498,6.136234309112428,0.7733333333333333,,,2.1
953,0.614614413437968,1.49835874476447,2.669809599531626,6.179121334161087,0.7533333333333333,,,1.9
954,0.6097084487872756,1.4815588524056071,2.6247877425099997,6.043086010817483,0.7666666666666667,,,1.8
955,0.6021685171635531,1.4773455034047758,2.6532155706095173,6.173018034055782,0.7933333333333333,,,1.9
956,0.6068364057564992,1.4858129690832333,2.647032062422981,6.11628245164011,0.7466666666666667,,,2.0
957,0.6112500577174426,1.487570696312848,2.6588365330243806,6.177532046654198,0.7933333333333333,,,2.4
958,0.6142789084468248,1.5049980188737584,2.6834030323675955,6.205435945748883,0.76,,,2.1
959,0.6076895350238438,1.4922962363541614,2.6748896856328845,6.2223735088082535,0.78,,,2.0
960,0.60851359579362,1.489820017950392,2.6566307709812653,6.162598602410973,0.7666666666666667,,,1.8
961,0.6129931706623363,1.4946854500917632,2.657503398814077,6.140150863584567,0.7533333333333333,,,1.8
962,0.6008079867664814,1.462765418141438,2.614445983069322,6.07562414610939,0.76,,,1.8
963,0.6168530655340199,1.5184147782521056,2.711442710514396,6.262532950021289,0.7866666666666666,,,1.8
964,0.6111140986832857,1.4914167381580583,2.65507998309759,6.135618284949346,0.78,,,1.9
965,0.609482615548998,1.5081372354624114,2.7061710596813735,6.293783654127268,0.76,,,1.9
966,0.6000175796544558,1.4749228647208883,2.648063520191756,6.171930946194672,0.7933333333333333,,,1.8
967,0.6091987632202143,1.4914531361061192,2.662379964409612,6.174782776105456,0.7666666666666667,,,1.9
968,0.6142596399099064,1.522758352719989,2.7239852665105913,6.3181836551958135,0.78,,,1.9
969,0.5979991798606776,1.4692408350133372,2.6241828690667854,6.065238754390877,0.8133333333333334,,,1.9
970,0.6078950254179774,1.488567448023195,2.6562971447614196,6.142553749796871,0.76,,,1.9
971,0.6106332090912753,1.4814810651180506,2.6343618748001956,6.083869274099802,0.7666666666666667,,,1.9
972,0.6054679894236786,1.4676936151223163,2.6117676087558146,6.028038608176593,0.7533333333333333,,,1.9
973,0.6196865248433141,1.5322080744673168,2.750875285436148,6.398013905938444,0.7733333333333333,,,2.0
974,0.6175451027048111,1.5179285023958964,2.708805747800808,6.261771039097409,0.74,,,1.9
975,0.6096920421691342,1.4928311905095772,2.6627849499162894,6.1726380335430795,0.7466666666666667,,,1.9
976,0.610023784137677,1.4802776676586644,2.6224525367759033,6.0576746584576115,0.7733333333333333,,,1.9
977,0.6180001903569089,1.5127715295462205,2.6838111073822346,6.161798232748386,0.7266666666666667,,,1.9
978,0.6100853721673574,1.4887605785970417,2.6578265770694833,6.169740590851552,0.7666666666666667,,,2.0
979,0.610943073971885,1.4909655993020194,2.6625013685506307,6.162030402039108,0.78,,,1.9
980,0.617397191342114,1.5003300869311813,2.6700731818844115,6.182249287572711,0.78,,,2.0
981,0.6165978212630456,1.5153677956156966,2.708850735538496,6.262571969496808,0.78,,,1.9
982,0.6295080212226044,1.541797326831934,2.754240497576613,6.373099066775222,0.7866666666666666,,,1.8
983,0.6103926556180649,1.484986225713449,2.629658253039277,6.066989493708167,0.7733333333333333,,,1.9
984,0.6121494826369765,1.5178173503667078,2.725412446391347,6.330775288030671,0.8066666666666666,,,1.8
985,0.6072533268903413,1.4936998436404834,2.679392477747115,6.229525791720248,0.76,,,2.1
986,0.6155724993677897,1.5077391580230683,2.676479106053423,6.145288477521213,0.78,,,2.0
987,0.6244790793160655,1.5258132803002322,2.707680959381971,6.226906234346776,0.7733333333333333,,,1.9
988,0.6163423438693908,1.4915766609757433,2.6374351699395002,6.053450828682444,0.78,,,1.8
989,0.6145710032021047,1.515082513775851,2.708445353057686,6.2738327530333,0.7133333333333334,,,1.8
990,0.6156148901039219,1.5100620161990814,2.6881398226861792,6.20892571409376,0.7533333333333333,,,2.0
991,0.6203256207432127,1.5233328104446051,2.741191748133755,6.4042199566698015,0.8,,,1.9
992,0.603191503488913,1.465173858861579,2.6045944589760817,6.033328789849746,0.7666666666666667,,,1.9
993,0.5973161186718593,1.444428403368075,2.579098691677639,5.975102089954169,0.74,,,2.0
994,0.6027969045470815,1.4811449432630952,2.6483795509335795,6.1474351681548995,0.78,,,1.9
995,0.6195733110683862,1.5127188393172732,2.69176706417237,6.211968274310401,0.7466666666666667,,,1.9
996,0.6157434372137364,1.5105970069876924,2.6841077184834705,6.187214547782704,0.7533333333333333,,,2.0
997,0.6053014539886891,1.48087380262884,2.655155802655192,6.1833066951664915,0.76,,,1.9
998,0.6115035082208233,1.516010996918469,2.7174369607569218,6.306425027757854,0.7733333333333333,,,1.9
999,0.6037443418420687,1.4689541377146973,2.607846098745011,6.011099679076077,0.7866666666666666,,,2.0
